name_ko,synonyms,mesh_label_en,mesh_id,mesh_verified,icd10,buyo_disease_group,subgroup,therapeutic_area,ta_source,ta_alt,rare_hint,note
진행성·전이성 고형암,고형암|solid tumor|advanced solid tumor,Neoplasms,D009369,N,C80,항암,solid,oncology_solid,subgroup,,N,"rare_hint: Y=미국 희귀 지정 사례 다수/유병 20만 미만 추정, Y?=경계, N=해당 없음. 국내 2만 명 판정은 M02 값으로만"
비소세포폐암,NSCLC|폐암(비소세포),"Carcinoma, Non-Small-Cell Lung",D002289,N,C34,항암,solid,oncology_solid,subgroup,,N,"rare_hint: Y=미국 희귀 지정 사례 다수/유병 20만 미만 추정, Y?=경계, N=해당 없음. 국내 2만 명 판정은 M02 값으로만"
소세포폐암,SCLC,Small Cell Lung Carcinoma,D055752,N,C34,항암,solid,oncology_solid,subgroup,,N,"rare_hint: Y=미국 희귀 지정 사례 다수/유병 20만 미만 추정, Y?=경계, N=해당 없음. 국내 2만 명 판정은 M02 값으로만"
유방암,breast cancer|HER2 양성 유방암|삼중음성 유방암,Breast Neoplasms,D001943,N,C50,항암,solid,oncology_solid,subgroup,,N,"rare_hint: Y=미국 희귀 지정 사례 다수/유병 20만 미만 추정, Y?=경계, N=해당 없음. 국내 2만 명 판정은 M02 값으로만"
위암,위선암|위식도접합부 선암|gastric cancer|GEJ,Stomach Neoplasms,D013274,N,C16,항암,solid,oncology_solid,subgroup,,N,"rare_hint: Y=미국 희귀 지정 사례 다수/유병 20만 미만 추정, Y?=경계, N=해당 없음. 국내 2만 명 판정은 M02 값으로만"
대장암,결장직장암|colorectal cancer|CRC,Colorectal Neoplasms,D015179,N,C18-C20,항암,solid,oncology_solid,subgroup,,N,"rare_hint: Y=미국 희귀 지정 사례 다수/유병 20만 미만 추정, Y?=경계, N=해당 없음. 국내 2만 명 판정은 M02 값으로만"
간세포암,간암|HCC,"Carcinoma, Hepatocellular",D006528,N,C22.0,항암,solid,oncology_solid,subgroup,,N,"rare_hint: Y=미국 희귀 지정 사례 다수/유병 20만 미만 추정, Y?=경계, N=해당 없음. 국내 2만 명 판정은 M02 값으로만"
췌장암,pancreatic cancer|PDAC,Pancreatic Neoplasms,D010190,N,C25,항암,solid,oncology_solid,subgroup,,N,"rare_hint: Y=미국 희귀 지정 사례 다수/유병 20만 미만 추정, Y?=경계, N=해당 없음. 국내 2만 명 판정은 M02 값으로만"
담도암,담관암|biliary tract cancer|cholangiocarcinoma,Biliary Tract Neoplasms,D001661,N,"C22.1,C24",항암,solid,oncology_solid,subgroup,,Y?,"rare_hint: Y=미국 희귀 지정 사례 다수/유병 20만 미만 추정, Y?=경계, N=해당 없음. 국내 2만 명 판정은 M02 값으로만"
식도암,esophageal cancer,Esophageal Neoplasms,D004938,N,C15,항암,solid,oncology_solid,subgroup,,N,"rare_hint: Y=미국 희귀 지정 사례 다수/유병 20만 미만 추정, Y?=경계, N=해당 없음. 국내 2만 명 판정은 M02 값으로만"
전립선암,prostate cancer|mCRPC,Prostatic Neoplasms,D011471,N,C61,항암,solid,oncology_solid,subgroup,,N,"rare_hint: Y=미국 희귀 지정 사례 다수/유병 20만 미만 추정, Y?=경계, N=해당 없음. 국내 2만 명 판정은 M02 값으로만"
난소암,ovarian cancer,Ovarian Neoplasms,D010051,N,C56,항암,solid,oncology_solid,subgroup,,N,"rare_hint: Y=미국 희귀 지정 사례 다수/유병 20만 미만 추정, Y?=경계, N=해당 없음. 국내 2만 명 판정은 M02 값으로만"
자궁경부암,cervical cancer,Uterine Cervical Neoplasms,D002583,N,C53,항암,solid,oncology_solid,subgroup,,N,"rare_hint: Y=미국 희귀 지정 사례 다수/유병 20만 미만 추정, Y?=경계, N=해당 없음. 국내 2만 명 판정은 M02 값으로만"
자궁내막암,endometrial cancer,Endometrial Neoplasms,D016889,N,C54.1,항암,solid,oncology_solid,subgroup,,N,"rare_hint: Y=미국 희귀 지정 사례 다수/유병 20만 미만 추정, Y?=경계, N=해당 없음. 국내 2만 명 판정은 M02 값으로만"
방광암,요로상피암|bladder cancer|urothelial,Urinary Bladder Neoplasms,D001749,N,C67,항암,solid,oncology_solid,subgroup,,N,"rare_hint: Y=미국 희귀 지정 사례 다수/유병 20만 미만 추정, Y?=경계, N=해당 없음. 국내 2만 명 판정은 M02 값으로만"
신장암,신세포암|RCC,"Carcinoma, Renal Cell",D002292,N,C64,항암,solid,oncology_solid,subgroup,,N,"rare_hint: Y=미국 희귀 지정 사례 다수/유병 20만 미만 추정, Y?=경계, N=해당 없음. 국내 2만 명 판정은 M02 값으로만"
흑색종,melanoma,Melanoma,D008545,N,C43,항암,solid,oncology_solid,subgroup,,N,"rare_hint: Y=미국 희귀 지정 사례 다수/유병 20만 미만 추정, Y?=경계, N=해당 없음. 국내 2만 명 판정은 M02 값으로만"
두경부암,head and neck cancer|HNSCC,Head and Neck Neoplasms,D006258,N,C00-C14,항암,solid,oncology_solid,subgroup,,N,"rare_hint: Y=미국 희귀 지정 사례 다수/유병 20만 미만 추정, Y?=경계, N=해당 없음. 국내 2만 명 판정은 M02 값으로만"
갑상선암,thyroid cancer,Thyroid Neoplasms,D013964,N,C73,항암,solid,oncology_solid,subgroup,,N,"rare_hint: Y=미국 희귀 지정 사례 다수/유병 20만 미만 추정, Y?=경계, N=해당 없음. 국내 2만 명 판정은 M02 값으로만"
교모세포종,GBM|glioblastoma|뇌종양,Glioblastoma,D005909,N,C71,항암,solid,oncology_solid,subgroup,,Y,"rare_hint: Y=미국 희귀 지정 사례 다수/유병 20만 미만 추정, Y?=경계, N=해당 없음. 국내 2만 명 판정은 M02 값으로만"
중피종,mesothelioma,Mesothelioma,D008654,N,C45,항암,solid,oncology_solid,subgroup,,Y,"rare_hint: Y=미국 희귀 지정 사례 다수/유병 20만 미만 추정, Y?=경계, N=해당 없음. 국내 2만 명 판정은 M02 값으로만"
육종,연조직육종|sarcoma,Sarcoma,D012509,N,C49,항암,solid,oncology_solid,subgroup,,Y,"rare_hint: Y=미국 희귀 지정 사례 다수/유병 20만 미만 추정, Y?=경계, N=해당 없음. 국내 2만 명 판정은 M02 값으로만"
골육종,osteosarcoma,Osteosarcoma,D012516,N,C40-C41,항암,solid,oncology_solid,subgroup,,Y,"rare_hint: Y=미국 희귀 지정 사례 다수/유병 20만 미만 추정, Y?=경계, N=해당 없음. 국내 2만 명 판정은 M02 값으로만"
신경내분비종양,NET|신경내분비암,Neuroendocrine Tumors,D018358,N,C7A,항암,solid,oncology_solid,subgroup,,Y,"rare_hint: Y=미국 희귀 지정 사례 다수/유병 20만 미만 추정, Y?=경계, N=해당 없음. 국내 2만 명 판정은 M02 값으로만"
소아 고형암,신경모세포종|neuroblastoma,Neuroblastoma,D009447,N,C74.9,항암,solid,oncology_solid,subgroup,,Y,"rare_hint: Y=미국 희귀 지정 사례 다수/유병 20만 미만 추정, Y?=경계, N=해당 없음. 국내 2만 명 판정은 M02 값으로만"
급성골수성백혈병,AML,"Leukemia, Myeloid, Acute",D015470,N,C92.0,항암,heme,oncology_heme,subgroup,,Y,"rare_hint: Y=미국 희귀 지정 사례 다수/유병 20만 미만 추정, Y?=경계, N=해당 없음. 국내 2만 명 판정은 M02 값으로만"
급성림프모구백혈병,ALL,Precursor Cell Lymphoblastic Leukemia-Lymphoma,D054198,N,C91.0,항암,heme,oncology_heme,subgroup,,Y,"rare_hint: Y=미국 희귀 지정 사례 다수/유병 20만 미만 추정, Y?=경계, N=해당 없음. 국내 2만 명 판정은 M02 값으로만"
만성림프구성백혈병,CLL,"Leukemia, Lymphocytic, Chronic, B-Cell",D015451,N,C91.1,항암,heme,oncology_heme,subgroup,,Y,"rare_hint: Y=미국 희귀 지정 사례 다수/유병 20만 미만 추정, Y?=경계, N=해당 없음. 국내 2만 명 판정은 M02 값으로만"
만성골수성백혈병,CML,"Leukemia, Myelogenous, Chronic, BCR-ABL Positive",D015464,N,C92.1,항암,heme,oncology_heme,subgroup,,Y,"rare_hint: Y=미국 희귀 지정 사례 다수/유병 20만 미만 추정, Y?=경계, N=해당 없음. 국내 2만 명 판정은 M02 값으로만"
미만성 거대B세포림프종,DLBCL,"Lymphoma, Large B-Cell, Diffuse",D016403,N,C83.3,항암,heme,oncology_heme,subgroup,,Y,"rare_hint: Y=미국 희귀 지정 사례 다수/유병 20만 미만 추정, Y?=경계, N=해당 없음. 국내 2만 명 판정은 M02 값으로만"
여포성림프종,FL|follicular lymphoma,"Lymphoma, Follicular",D008224,N,C82,항암,heme,oncology_heme,subgroup,,Y,"rare_hint: Y=미국 희귀 지정 사례 다수/유병 20만 미만 추정, Y?=경계, N=해당 없음. 국내 2만 명 판정은 M02 값으로만"
외투세포림프종,MCL,"Lymphoma, Mantle-Cell",D020522,N,C83.1,항암,heme,oncology_heme,subgroup,,Y,"rare_hint: Y=미국 희귀 지정 사례 다수/유병 20만 미만 추정, Y?=경계, N=해당 없음. 국내 2만 명 판정은 M02 값으로만"
호지킨림프종,Hodgkin,Hodgkin Disease,D006689,N,C81,항암,heme,oncology_heme,subgroup,,Y,"rare_hint: Y=미국 희귀 지정 사례 다수/유병 20만 미만 추정, Y?=경계, N=해당 없음. 국내 2만 명 판정은 M02 값으로만"
다발골수종,multiple myeloma|MM,Multiple Myeloma,D009101,N,C90.0,항암,heme,oncology_heme,subgroup,,Y,"rare_hint: Y=미국 희귀 지정 사례 다수/유병 20만 미만 추정, Y?=경계, N=해당 없음. 국내 2만 명 판정은 M02 값으로만"
골수형성이상증후군,MDS,Myelodysplastic Syndromes,D009190,N,D46,항암,heme,oncology_heme,subgroup,,Y,"rare_hint: Y=미국 희귀 지정 사례 다수/유병 20만 미만 추정, Y?=경계, N=해당 없음. 국내 2만 명 판정은 M02 값으로만"
골수섬유증,myelofibrosis,Primary Myelofibrosis,D055728,N,D47.4,항암,heme,oncology_heme,subgroup,,Y,"rare_hint: Y=미국 희귀 지정 사례 다수/유병 20만 미만 추정, Y?=경계, N=해당 없음. 국내 2만 명 판정은 M02 값으로만"
진성적혈구증가증,PV,Polycythemia Vera,D011087,N,D45,항암,heme,oncology_heme,subgroup,,Y,"rare_hint: Y=미국 희귀 지정 사례 다수/유병 20만 미만 추정, Y?=경계, N=해당 없음. 국내 2만 명 판정은 M02 값으로만"
제2형 당뇨병,당뇨|당뇨병|T2DM|type 2 diabetes,"Diabetes Mellitus, Type 2",D003924,N,E11,대사·내분비,,endocrine,code_rule:TA-10,,N,"rare_hint: Y=미국 희귀 지정 사례 다수/유병 20만 미만 추정, Y?=경계, N=해당 없음. 국내 2만 명 판정은 M02 값으로만"
제1형 당뇨병,T1DM|type 1 diabetes,"Diabetes Mellitus, Type 1",D003922,N,E10,대사·내분비,,endocrine,code_rule:TA-10,,N,"rare_hint: Y=미국 희귀 지정 사례 다수/유병 20만 미만 추정, Y?=경계, N=해당 없음. 국내 2만 명 판정은 M02 값으로만"
비만,obesity|체중 감량,Obesity,D009765,N,E66,대사·내분비,,metabolic,code_rule:TA-11,,N,"rare_hint: Y=미국 희귀 지정 사례 다수/유병 20만 미만 추정, Y?=경계, N=해당 없음. 국내 2만 명 판정은 M02 값으로만"
비알코올성 지방간염,NASH|MASH|대사이상 지방간염,Non-alcoholic Fatty Liver Disease,D065626,N,K75.8,대사·내분비,,gastro_hepatology,code_rule:TA-17 / decision_20260928,,N,"rare_hint: Y=미국 희귀 지정 사례 다수/유병 20만 미만 추정, Y?=경계, N=해당 없음. 국내 2만 명 판정은 M02 값으로만"
고지혈증,이상지질혈증|고콜레스테롤혈증|hypercholesterolemia,Hypercholesterolemia,D006937,N,E78.0,대사·내분비,,metabolic,code_rule:TA-11,,N,"rare_hint: Y=미국 희귀 지정 사례 다수/유병 20만 미만 추정, Y?=경계, N=해당 없음. 국내 2만 명 판정은 M02 값으로만"
가족성 고콜레스테롤혈증,FH|HoFH,Hyperlipoproteinemia Type II,D006938,N,E78.01,대사·내분비,,metabolic,code_rule:TA-11,,Y,"rare_hint: Y=미국 희귀 지정 사례 다수/유병 20만 미만 추정, Y?=경계, N=해당 없음. 국내 2만 명 판정은 M02 값으로만"
고중성지방혈증,hypertriglyceridemia,Hypertriglyceridemia,D015228,N,E78.1,대사·내분비,,metabolic,code_rule:TA-11,,N,"rare_hint: Y=미국 희귀 지정 사례 다수/유병 20만 미만 추정, Y?=경계, N=해당 없음. 국내 2만 명 판정은 M02 값으로만"
골다공증,osteoporosis,Osteoporosis,D010024,N,M81,대사·내분비,,metabolic,group_canonical(alt=musculoskeletal_pain),musculoskeletal_pain,N,"rare_hint: Y=미국 희귀 지정 사례 다수/유병 20만 미만 추정, Y?=경계, N=해당 없음. 국내 2만 명 판정은 M02 값으로만"
갑상선기능항진증,hyperthyroidism|그레이브스병,Hyperthyroidism,D006980,N,E05,대사·내분비,,endocrine,code_rule:TA-10,,N,"rare_hint: Y=미국 희귀 지정 사례 다수/유병 20만 미만 추정, Y?=경계, N=해당 없음. 국내 2만 명 판정은 M02 값으로만"
갑상선기능저하증,hypothyroidism,Hypothyroidism,D007037,N,E03,대사·내분비,,endocrine,code_rule:TA-10,,N,"rare_hint: Y=미국 희귀 지정 사례 다수/유병 20만 미만 추정, Y?=경계, N=해당 없음. 국내 2만 명 판정은 M02 값으로만"
당뇨병성 신증,diabetic kidney disease|DKD,Diabetic Nephropathies,D003928,N,E11.2,대사·내분비,,endocrine,code_rule:TA-10,,N,"rare_hint: Y=미국 희귀 지정 사례 다수/유병 20만 미만 추정, Y?=경계, N=해당 없음. 국내 2만 명 판정은 M02 값으로만"
당뇨병성 망막병증,diabetic retinopathy,Diabetic Retinopathy,D003930,N,E11.3,대사·내분비,,endocrine,code_rule:TA-10,,N,"rare_hint: Y=미국 희귀 지정 사례 다수/유병 20만 미만 추정, Y?=경계, N=해당 없음. 국내 2만 명 판정은 M02 값으로만"
당뇨병성 신경병증,diabetic neuropathy,Diabetic Neuropathies,D003929,N,E11.4,대사·내분비,,endocrine,code_rule:TA-10,,N,"rare_hint: Y=미국 희귀 지정 사례 다수/유병 20만 미만 추정, Y?=경계, N=해당 없음. 국내 2만 명 판정은 M02 값으로만"
만성 신장병,CKD,"Renal Insufficiency, Chronic",D051436,N,N18,대사·내분비,,urology_nephrology,code_rule:TA-22 / decision_20260928,,N,"rare_hint: Y=미국 희귀 지정 사례 다수/유병 20만 미만 추정, Y?=경계, N=해당 없음. 국내 2만 명 판정은 M02 값으로만"
고칼륨혈증,hyperkalemia,Hyperkalemia,D006947,N,E87.5,대사·내분비,,metabolic,code_rule:TA-11,,N,"rare_hint: Y=미국 희귀 지정 사례 다수/유병 20만 미만 추정, Y?=경계, N=해당 없음. 국내 2만 명 판정은 M02 값으로만"
통풍,gout|고요산혈증,Gout,D006073,N,M10,대사·내분비,,metabolic,group_canonical(alt=musculoskeletal_pain),musculoskeletal_pain,N,"rare_hint: Y=미국 희귀 지정 사례 다수/유병 20만 미만 추정, Y?=경계, N=해당 없음. 국내 2만 명 판정은 M02 값으로만"
성장호르몬 결핍증,GHD,"Dwarfism, Pituitary",D004393,N,E23.0,대사·내분비,,endocrine,code_rule:TA-10,,Y,"rare_hint: Y=미국 희귀 지정 사례 다수/유병 20만 미만 추정, Y?=경계, N=해당 없음. 국내 2만 명 판정은 M02 값으로만"
말단비대증,acromegaly,Acromegaly,D000172,N,E22.0,대사·내분비,,endocrine,code_rule:TA-10,,Y,"rare_hint: Y=미국 희귀 지정 사례 다수/유병 20만 미만 추정, Y?=경계, N=해당 없음. 국내 2만 명 판정은 M02 값으로만"
쿠싱증후군,Cushing,Cushing Syndrome,D003480,N,E24,대사·내분비,,endocrine,code_rule:TA-10,,Y,"rare_hint: Y=미국 희귀 지정 사례 다수/유병 20만 미만 추정, Y?=경계, N=해당 없음. 국내 2만 명 판정은 M02 값으로만"
페닐케톤뇨증,PKU,Phenylketonurias,D010661,N,E70.0,대사·내분비,,metabolic,code_rule:TA-11,,Y,"rare_hint: Y=미국 희귀 지정 사례 다수/유병 20만 미만 추정, Y?=경계, N=해당 없음. 국내 2만 명 판정은 M02 값으로만"
고셔병,Gaucher,Gaucher Disease,D005776,N,E75.22,대사·내분비,,metabolic,code_rule:TA-11,,Y,"rare_hint: Y=미국 희귀 지정 사례 다수/유병 20만 미만 추정, Y?=경계, N=해당 없음. 국내 2만 명 판정은 M02 값으로만"
파브리병,Fabry,Fabry Disease,D000795,N,E75.21,대사·내분비,,metabolic,code_rule:TA-11,,Y,"rare_hint: Y=미국 희귀 지정 사례 다수/유병 20만 미만 추정, Y?=경계, N=해당 없음. 국내 2만 명 판정은 M02 값으로만"
폼페병,Pompe,Glycogen Storage Disease Type II,D006009,N,E74.02,대사·내분비,,metabolic,code_rule:TA-11,,Y,"rare_hint: Y=미국 희귀 지정 사례 다수/유병 20만 미만 추정, Y?=경계, N=해당 없음. 국내 2만 명 판정은 M02 값으로만"
헌터증후군,MPS II|뮤코다당증,Mucopolysaccharidosis II,D016532,N,E76.1,대사·내분비,,metabolic,code_rule:TA-11,,Y,"rare_hint: Y=미국 희귀 지정 사례 다수/유병 20만 미만 추정, Y?=경계, N=해당 없음. 국내 2만 명 판정은 M02 값으로만"
윌슨병,Wilson,Hepatolenticular Degeneration,D006527,N,E83.01,대사·내분비,,metabolic,code_rule:TA-11,,Y,"rare_hint: Y=미국 희귀 지정 사례 다수/유병 20만 미만 추정, Y?=경계, N=해당 없음. 국내 2만 명 판정은 M02 값으로만"
가족성 아밀로이드 다발신경병증,ATTR|트랜스티레틴 아밀로이드증,"Amyloid Neuropathies, Familial",D028227,N,E85.1,대사·내분비,,metabolic,code_rule:TA-11,,Y,"rare_hint: Y=미국 희귀 지정 사례 다수/유병 20만 미만 추정, Y?=경계, N=해당 없음. 국내 2만 명 판정은 M02 값으로만"
저인산증,hypophosphatasia,Hypophosphatasia,D007014,N,E83.39,대사·내분비,,metabolic,code_rule:TA-11,,Y,"rare_hint: Y=미국 희귀 지정 사례 다수/유병 20만 미만 추정, Y?=경계, N=해당 없음. 국내 2만 명 판정은 M02 값으로만"
연골무형성증,achondroplasia,Achondroplasia,D000130,N,Q77.4,대사·내분비,,metabolic,group_canonical(alt=congenital_genetic),congenital_genetic,Y,"rare_hint: Y=미국 희귀 지정 사례 다수/유병 20만 미만 추정, Y?=경계, N=해당 없음. 국내 2만 명 판정은 M02 값으로만"
고혈압,hypertension,Hypertension,D006973,N,I10,심혈관,,cardiovascular,code_rule:TA-12,,N,"rare_hint: Y=미국 희귀 지정 사례 다수/유병 20만 미만 추정, Y?=경계, N=해당 없음. 국내 2만 명 판정은 M02 값으로만"
심부전,heart failure|HFrEF|HFpEF,Heart Failure,D006333,N,I50,심혈관,,cardiovascular,code_rule:TA-12,,N,"rare_hint: Y=미국 희귀 지정 사례 다수/유병 20만 미만 추정, Y?=경계, N=해당 없음. 국내 2만 명 판정은 M02 값으로만"
심방세동,atrial fibrillation,Atrial Fibrillation,D001281,N,I48,심혈관,,cardiovascular,code_rule:TA-12,,N,"rare_hint: Y=미국 희귀 지정 사례 다수/유병 20만 미만 추정, Y?=경계, N=해당 없음. 국내 2만 명 판정은 M02 값으로만"
급성 심근경색,심근경색|MI|급성관상동맥증후군,Myocardial Infarction,D009203,N,I21,심혈관,,cardiovascular,code_rule:TA-12,,N,"rare_hint: Y=미국 희귀 지정 사례 다수/유병 20만 미만 추정, Y?=경계, N=해당 없음. 국내 2만 명 판정은 M02 값으로만"
관상동맥질환,CAD|협심증,Coronary Artery Disease,D003324,N,I25,심혈관,,cardiovascular,code_rule:TA-12,,N,"rare_hint: Y=미국 희귀 지정 사례 다수/유병 20만 미만 추정, Y?=경계, N=해당 없음. 국내 2만 명 판정은 M02 값으로만"
뇌졸중,허혈성 뇌졸중|stroke,Stroke,D020521,N,I63,심혈관,,cardiovascular,code_rule:TA-12,,N,"rare_hint: Y=미국 희귀 지정 사례 다수/유병 20만 미만 추정, Y?=경계, N=해당 없음. 국내 2만 명 판정은 M02 값으로만"
말초동맥질환,PAD,Peripheral Arterial Disease,D058729,N,I73.9,심혈관,,cardiovascular,code_rule:TA-12,,N,"rare_hint: Y=미국 희귀 지정 사례 다수/유병 20만 미만 추정, Y?=경계, N=해당 없음. 국내 2만 명 판정은 M02 값으로만"
폐동맥고혈압,PAH,Pulmonary Arterial Hypertension,D000081029,N,I27.0,심혈관,,cardiovascular,code_rule:TA-12,,Y,"rare_hint: Y=미국 희귀 지정 사례 다수/유병 20만 미만 추정, Y?=경계, N=해당 없음. 국내 2만 명 판정은 M02 값으로만"
정맥혈전색전증,VTE|폐색전증|심부정맥혈전증,Venous Thromboembolism,D054556,N,"I26,I82",심혈관,,cardiovascular,code_rule:TA-12,,N,"rare_hint: Y=미국 희귀 지정 사례 다수/유병 20만 미만 추정, Y?=경계, N=해당 없음. 국내 2만 명 판정은 M02 값으로만"
비대성 심근병증,HCM,"Cardiomyopathy, Hypertrophic",D002312,N,I42.1,심혈관,,cardiovascular,code_rule:TA-12,,Y,"rare_hint: Y=미국 희귀 지정 사례 다수/유병 20만 미만 추정, Y?=경계, N=해당 없음. 국내 2만 명 판정은 M02 값으로만"
확장성 심근병증,DCM,"Cardiomyopathy, Dilated",D002311,N,I42.0,심혈관,,cardiovascular,code_rule:TA-12,,Y,"rare_hint: Y=미국 희귀 지정 사례 다수/유병 20만 미만 추정, Y?=경계, N=해당 없음. 국내 2만 명 판정은 M02 값으로만"
심장 아밀로이드증,ATTR-CM,Amyloidosis,D000686,N,E85.4,심혈관,,cardiovascular,group_canonical(alt=metabolic),metabolic,Y,"rare_hint: Y=미국 희귀 지정 사례 다수/유병 20만 미만 추정, Y?=경계, N=해당 없음. 국내 2만 명 판정은 M02 값으로만"
동맥경화,atherosclerosis,Atherosclerosis,D050197,N,I70,심혈관,,cardiovascular,code_rule:TA-12,,N,"rare_hint: Y=미국 희귀 지정 사례 다수/유병 20만 미만 추정, Y?=경계, N=해당 없음. 국내 2만 명 판정은 M02 값으로만"
알츠하이머병,치매|Alzheimer,Alzheimer Disease,D000544,N,G30,중추신경(신경),,neurology,code_rule:TA-13,,N,"rare_hint: Y=미국 희귀 지정 사례 다수/유병 20만 미만 추정, Y?=경계, N=해당 없음. 국내 2만 명 판정은 M02 값으로만"
파킨슨병,Parkinson,Parkinson Disease,D010300,N,G20,중추신경(신경),,neurology,code_rule:TA-13,,N,"rare_hint: Y=미국 희귀 지정 사례 다수/유병 20만 미만 추정, Y?=경계, N=해당 없음. 국내 2만 명 판정은 M02 값으로만"
뇌전증,간질|epilepsy|난치성 뇌전증,Epilepsy,D004827,N,G40,중추신경(신경),,neurology,code_rule:TA-13,,N,"rare_hint: Y=미국 희귀 지정 사례 다수/유병 20만 미만 추정, Y?=경계, N=해당 없음. 국내 2만 명 판정은 M02 값으로만"
편두통,migraine,Migraine Disorders,D008881,N,G43,중추신경(신경),,neurology,code_rule:TA-13,,N,"rare_hint: Y=미국 희귀 지정 사례 다수/유병 20만 미만 추정, Y?=경계, N=해당 없음. 국내 2만 명 판정은 M02 값으로만"
다발성경화증,MS,Multiple Sclerosis,D009103,N,G35,중추신경(신경),,neurology,code_rule:TA-13,,N,"rare_hint: Y=미국 희귀 지정 사례 다수/유병 20만 미만 추정, Y?=경계, N=해당 없음. 국내 2만 명 판정은 M02 값으로만"
근위축성측삭경화증,루게릭병|ALS,Amyotrophic Lateral Sclerosis,D000690,N,G12.21,중추신경(신경),,neurology,code_rule:TA-13,,Y,"rare_hint: Y=미국 희귀 지정 사례 다수/유병 20만 미만 추정, Y?=경계, N=해당 없음. 국내 2만 명 판정은 M02 값으로만"
척수성근위축증,SMA,"Muscular Atrophy, Spinal",D009134,N,G12.0,중추신경(신경),,neurology,code_rule:TA-13,,Y,"rare_hint: Y=미국 희귀 지정 사례 다수/유병 20만 미만 추정, Y?=경계, N=해당 없음. 국내 2만 명 판정은 M02 값으로만"
뒤셴 근이영양증,DMD,"Muscular Dystrophy, Duchenne",D020388,N,G71.01,중추신경(신경),,neurology,code_rule:TA-13,,Y,"rare_hint: Y=미국 희귀 지정 사례 다수/유병 20만 미만 추정, Y?=경계, N=해당 없음. 국내 2만 명 판정은 M02 값으로만"
헌팅턴병,Huntington,Huntington Disease,D006816,N,G10,중추신경(신경),,neurology,code_rule:TA-13,,Y,"rare_hint: Y=미국 희귀 지정 사례 다수/유병 20만 미만 추정, Y?=경계, N=해당 없음. 국내 2만 명 판정은 M02 값으로만"
중증근무력증,MG,Myasthenia Gravis,D009157,N,G70.0,중추신경(신경),,neurology,code_rule:TA-13,,Y,"rare_hint: Y=미국 희귀 지정 사례 다수/유병 20만 미만 추정, Y?=경계, N=해당 없음. 국내 2만 명 판정은 M02 값으로만"
만성 염증성 탈수초 다발신경병증,CIDP,"Polyradiculoneuropathy, Chronic Inflammatory Demyelinating",D020277,N,G61.81,중추신경(신경),,neurology,code_rule:TA-13,,Y,"rare_hint: Y=미국 희귀 지정 사례 다수/유병 20만 미만 추정, Y?=경계, N=해당 없음. 국내 2만 명 판정은 M02 값으로만"
시신경척수염,NMOSD,Neuromyelitis Optica,D009471,N,G36.0,중추신경(신경),,neurology,code_rule:TA-13,,Y,"rare_hint: Y=미국 희귀 지정 사례 다수/유병 20만 미만 추정, Y?=경계, N=해당 없음. 국내 2만 명 판정은 M02 값으로만"
레트증후군,Rett,Rett Syndrome,D015518,N,F84.2,중추신경(신경),,neurology,group_canonical(alt=psychiatry),psychiatry,Y,"rare_hint: Y=미국 희귀 지정 사례 다수/유병 20만 미만 추정, Y?=경계, N=해당 없음. 국내 2만 명 판정은 M02 값으로만"
드라베증후군,Dravet,"Epilepsies, Myoclonic",D004831,N,G40.83,중추신경(신경),,neurology,code_rule:TA-13,,Y,"rare_hint: Y=미국 희귀 지정 사례 다수/유병 20만 미만 추정, Y?=경계, N=해당 없음. 국내 2만 명 판정은 M02 값으로만"
기면증,narcolepsy,Narcolepsy,D009290,N,G47.4,중추신경(신경),,neurology,code_rule:TA-13,,Y,"rare_hint: Y=미국 희귀 지정 사례 다수/유병 20만 미만 추정, Y?=경계, N=해당 없음. 국내 2만 명 판정은 M02 값으로만"
신경병증성 통증,neuropathic pain,Neuralgia,D009437,N,G62.9,중추신경(신경),,neurology,code_rule:TA-13,,N,"rare_hint: Y=미국 희귀 지정 사례 다수/유병 20만 미만 추정, Y?=경계, N=해당 없음. 국내 2만 명 판정은 M02 값으로만"
만성 통증,chronic pain,Chronic Pain,D059350,N,G89.4,중추신경(신경),,neurology,code_rule:TA-13,,N,"rare_hint: Y=미국 희귀 지정 사례 다수/유병 20만 미만 추정, Y?=경계, N=해당 없음. 국내 2만 명 판정은 M02 값으로만"
외상성 뇌손상,TBI,"Brain Injuries, Traumatic",D000070642,N,S06,중추신경(신경),,neurology,group_canonical(alt=other),other,N,"rare_hint: Y=미국 희귀 지정 사례 다수/유병 20만 미만 추정, Y?=경계, N=해당 없음. 국내 2만 명 판정은 M02 값으로만"
척수손상,SCI,Spinal Cord Injuries,D013119,N,"S14,S24,S34",중추신경(신경),,neurology,group_canonical(alt=other),other,Y,"rare_hint: Y=미국 희귀 지정 사례 다수/유병 20만 미만 추정, Y?=경계, N=해당 없음. 국내 2만 명 판정은 M02 값으로만"
프리드라이히 운동실조,Friedreich,Friedreich Ataxia,D005621,N,G11.11,중추신경(신경),,neurology,code_rule:TA-13,,Y,"rare_hint: Y=미국 희귀 지정 사례 다수/유병 20만 미만 추정, Y?=경계, N=해당 없음. 국내 2만 명 판정은 M02 값으로만"
주요우울장애,우울증|MDD|치료저항성 우울증,"Depressive Disorder, Major",D003865,N,"F32,F33",중추신경(정신),,psychiatry,code_rule:TA-14,,N,"rare_hint: Y=미국 희귀 지정 사례 다수/유병 20만 미만 추정, Y?=경계, N=해당 없음. 국내 2만 명 판정은 M02 값으로만"
조현병,schizophrenia,Schizophrenia,D012559,N,F20,중추신경(정신),,psychiatry,code_rule:TA-14,,N,"rare_hint: Y=미국 희귀 지정 사례 다수/유병 20만 미만 추정, Y?=경계, N=해당 없음. 국내 2만 명 판정은 M02 값으로만"
양극성장애,bipolar,Bipolar Disorder,D001714,N,F31,중추신경(정신),,psychiatry,code_rule:TA-14,,N,"rare_hint: Y=미국 희귀 지정 사례 다수/유병 20만 미만 추정, Y?=경계, N=해당 없음. 국내 2만 명 판정은 M02 값으로만"
범불안장애,불안장애|GAD,Anxiety Disorders,D001008,N,F41,중추신경(정신),,psychiatry,code_rule:TA-14,,N,"rare_hint: Y=미국 희귀 지정 사례 다수/유병 20만 미만 추정, Y?=경계, N=해당 없음. 국내 2만 명 판정은 M02 값으로만"
외상후 스트레스장애,PTSD,"Stress Disorders, Post-Traumatic",D013313,N,F43.1,중추신경(정신),,psychiatry,code_rule:TA-14,,N,"rare_hint: Y=미국 희귀 지정 사례 다수/유병 20만 미만 추정, Y?=경계, N=해당 없음. 국내 2만 명 판정은 M02 값으로만"
주의력결핍 과잉행동장애,ADHD,Attention Deficit Disorder with Hyperactivity,D001289,N,F90,중추신경(정신),,psychiatry,code_rule:TA-14,,N,"rare_hint: Y=미국 희귀 지정 사례 다수/유병 20만 미만 추정, Y?=경계, N=해당 없음. 국내 2만 명 판정은 M02 값으로만"
자폐스펙트럼장애,자폐|ASD,Autism Spectrum Disorder,D000067877,N,F84.0,중추신경(정신),,psychiatry,code_rule:TA-14,,N,"rare_hint: Y=미국 희귀 지정 사례 다수/유병 20만 미만 추정, Y?=경계, N=해당 없음. 국내 2만 명 판정은 M02 값으로만"
불면증,insomnia,Sleep Initiation and Maintenance Disorders,D007319,N,G47.0,중추신경(정신),,psychiatry,group_canonical(alt=neurology),neurology,N,"rare_hint: Y=미국 희귀 지정 사례 다수/유병 20만 미만 추정, Y?=경계, N=해당 없음. 국내 2만 명 판정은 M02 값으로만"
알코올 사용장애,alcohol use disorder,Alcoholism,D000437,N,F10,중추신경(정신),,psychiatry,code_rule:TA-14,,N,"rare_hint: Y=미국 희귀 지정 사례 다수/유병 20만 미만 추정, Y?=경계, N=해당 없음. 국내 2만 명 판정은 M02 값으로만"
아편류 사용장애,opioid use disorder,Opioid-Related Disorders,D009293,N,F11,중추신경(정신),,psychiatry,code_rule:TA-14,,N,"rare_hint: Y=미국 희귀 지정 사례 다수/유병 20만 미만 추정, Y?=경계, N=해당 없음. 국내 2만 명 판정은 M02 값으로만"
산후 우울증,PPD,"Depression, Postpartum",D019052,N,F53.0,중추신경(정신),,psychiatry,code_rule:TA-14,,N,"rare_hint: Y=미국 희귀 지정 사례 다수/유병 20만 미만 추정, Y?=경계, N=해당 없음. 국내 2만 명 판정은 M02 값으로만"
B형 간염,HBV|만성 B형간염,"Hepatitis B, Chronic",D019694,N,B18.1,감염,,infectious,code_rule:TA-07,,N,"rare_hint: Y=미국 희귀 지정 사례 다수/유병 20만 미만 추정, Y?=경계, N=해당 없음. 국내 2만 명 판정은 M02 값으로만"
C형 간염,HCV,"Hepatitis C, Chronic",D019698,N,B18.2,감염,,infectious,code_rule:TA-07,,N,"rare_hint: Y=미국 희귀 지정 사례 다수/유병 20만 미만 추정, Y?=경계, N=해당 없음. 국내 2만 명 판정은 M02 값으로만"
HIV 감염,에이즈|HIV,HIV Infections,D015658,N,B20,감염,,infectious,code_rule:TA-07,,N,"rare_hint: Y=미국 희귀 지정 사례 다수/유병 20만 미만 추정, Y?=경계, N=해당 없음. 국내 2만 명 판정은 M02 값으로만"
인플루엔자,독감|flu,"Influenza, Human",D007251,N,J09-J11,감염,,infectious,code_rule:TA-08,,N,"rare_hint: Y=미국 희귀 지정 사례 다수/유병 20만 미만 추정, Y?=경계, N=해당 없음. 국내 2만 명 판정은 M02 값으로만"
코로나19,COVID-19|SARS-CoV-2,COVID-19,D000086382,N,U07.1,감염,,infectious,code_rule:TA-08,,N,"rare_hint: Y=미국 희귀 지정 사례 다수/유병 20만 미만 추정, Y?=경계, N=해당 없음. 국내 2만 명 판정은 M02 값으로만"
호흡기세포융합바이러스 감염,RSV,Respiratory Syncytial Virus Infections,D018357,N,J21.0,감염,,infectious,code_rule:TA-08,,N,"rare_hint: Y=미국 희귀 지정 사례 다수/유병 20만 미만 추정, Y?=경계, N=해당 없음. 국내 2만 명 판정은 M02 값으로만"
폐렴,세균성 폐렴|pneumonia|HABP/VABP,Pneumonia,D011014,N,J15-J18,감염,,infectious,code_rule:TA-08,,N,"rare_hint: Y=미국 희귀 지정 사례 다수/유병 20만 미만 추정, Y?=경계, N=해당 없음. 국내 2만 명 판정은 M02 값으로만"
복잡성 요로감염,cUTI,Urinary Tract Infections,D014552,N,N39.0,감염,,infectious,code_rule:TA-08,,N,"rare_hint: Y=미국 희귀 지정 사례 다수/유병 20만 미만 추정, Y?=경계, N=해당 없음. 국내 2만 명 판정은 M02 값으로만"
패혈증,sepsis,Sepsis,D018805,N,A41,감염,,infectious,code_rule:TA-07,,N,"rare_hint: Y=미국 희귀 지정 사례 다수/유병 20만 미만 추정, Y?=경계, N=해당 없음. 국내 2만 명 판정은 M02 값으로만"
결핵,TB|다제내성 결핵,Tuberculosis,D014376,N,A15-A19,감염,,infectious,code_rule:TA-07,,N,"rare_hint: Y=미국 희귀 지정 사례 다수/유병 20만 미만 추정, Y?=경계, N=해당 없음. 국내 2만 명 판정은 M02 값으로만"
말라리아,malaria,Malaria,D008288,N,B50-B54,감염,,infectious,code_rule:TA-07,,N,"rare_hint: Y=미국 희귀 지정 사례 다수/유병 20만 미만 추정, Y?=경계, N=해당 없음. 국내 2만 명 판정은 M02 값으로만"
클로스트리디움 디피실 감염,C. difficile|CDI,Clostridium Infections,D003015,N,A04.7,감염,,infectious,code_rule:TA-07,,N,"rare_hint: Y=미국 희귀 지정 사례 다수/유병 20만 미만 추정, Y?=경계, N=해당 없음. 국내 2만 명 판정은 M02 값으로만"
대상포진,herpes zoster,Herpes Zoster,D006562,N,B02,감염,,infectious,code_rule:TA-07,,N,"rare_hint: Y=미국 희귀 지정 사례 다수/유병 20만 미만 추정, Y?=경계, N=해당 없음. 국내 2만 명 판정은 M02 값으로만"
인유두종바이러스 감염,HPV,Papillomavirus Infections,D030361,N,B97.7,감염,,infectious,code_rule:TA-07,,N,"rare_hint: Y=미국 희귀 지정 사례 다수/유병 20만 미만 추정, Y?=경계, N=해당 없음. 국내 2만 명 판정은 M02 값으로만"
뎅기열,dengue,Dengue,D003715,N,A90,감염,,infectious,code_rule:TA-07,,N,"rare_hint: Y=미국 희귀 지정 사례 다수/유병 20만 미만 추정, Y?=경계, N=해당 없음. 국내 2만 명 판정은 M02 값으로만"
비결핵 항산균 폐질환,NTM,"Mycobacterium Infections, Nontuberculous",D015270,N,A31.0,감염,,infectious,code_rule:TA-07,,Y,"rare_hint: Y=미국 희귀 지정 사례 다수/유병 20만 미만 추정, Y?=경계, N=해당 없음. 국내 2만 명 판정은 M02 값으로만"
진균 감염,침습성 진균감염|aspergillosis|candidiasis,Mycoses,D009181,N,B35-B49,감염,,infectious,code_rule:TA-07,,N,"rare_hint: Y=미국 희귀 지정 사례 다수/유병 20만 미만 추정, Y?=경계, N=해당 없음. 국내 2만 명 판정은 M02 값으로만"
거대세포바이러스 감염,CMV,Cytomegalovirus Infections,D003586,N,B25,감염,,infectious,code_rule:TA-07,,N,"rare_hint: Y=미국 희귀 지정 사례 다수/유병 20만 미만 추정, Y?=경계, N=해당 없음. 국내 2만 명 판정은 M02 값으로만"
수막구균 감염,meningococcal,Meningococcal Infections,D008589,N,A39,감염,,infectious,code_rule:TA-07,,N,"rare_hint: Y=미국 희귀 지정 사례 다수/유병 20만 미만 추정, Y?=경계, N=해당 없음. 국내 2만 명 판정은 M02 값으로만"
폐렴구균 감염,pneumococcal,Pneumococcal Infections,D011008,N,A40.3,감염,,infectious,code_rule:TA-07,,N,"rare_hint: Y=미국 희귀 지정 사례 다수/유병 20만 미만 추정, Y?=경계, N=해당 없음. 국내 2만 명 판정은 M02 값으로만"
특발성 폐섬유증,IPF|폐섬유증,Idiopathic Pulmonary Fibrosis,D054990,N,J84.1,기타,respiratory,respiratory,subgroup,,Y,"rare_hint: Y=미국 희귀 지정 사례 다수/유병 20만 미만 추정, Y?=경계, N=해당 없음. 국내 2만 명 판정은 M02 값으로만"
천식,asthma|중증 호산구성 천식,Asthma,D001249,N,J45,기타,respiratory,respiratory,subgroup,,N,"rare_hint: Y=미국 희귀 지정 사례 다수/유병 20만 미만 추정, Y?=경계, N=해당 없음. 국내 2만 명 판정은 M02 값으로만"
만성폐쇄성폐질환,COPD,"Pulmonary Disease, Chronic Obstructive",D029424,N,J44,기타,respiratory,respiratory,subgroup,,N,"rare_hint: Y=미국 희귀 지정 사례 다수/유병 20만 미만 추정, Y?=경계, N=해당 없음. 국내 2만 명 판정은 M02 값으로만"
낭포성 섬유증,cystic fibrosis,Cystic Fibrosis,D003550,N,E84,기타,respiratory,respiratory,subgroup,,Y,"rare_hint: Y=미국 희귀 지정 사례 다수/유병 20만 미만 추정, Y?=경계, N=해당 없음. 국내 2만 명 판정은 M02 값으로만"
기관지확장증,bronchiectasis,Bronchiectasis,D001987,N,J47,기타,respiratory,respiratory,subgroup,,Y,"rare_hint: Y=미국 희귀 지정 사례 다수/유병 20만 미만 추정, Y?=경계, N=해당 없음. 국내 2만 명 판정은 M02 값으로만"
만성 기침,refractory chronic cough,Cough,D003371,N,R05,기타,respiratory,respiratory,subgroup,,N,"rare_hint: Y=미국 희귀 지정 사례 다수/유병 20만 미만 추정, Y?=경계, N=해당 없음. 국내 2만 명 판정은 M02 값으로만"
급성 호흡곤란증후군,ARDS,Respiratory Distress Syndrome,D012128,N,J80,기타,respiratory,respiratory,subgroup,,N,"rare_hint: Y=미국 희귀 지정 사례 다수/유병 20만 미만 추정, Y?=경계, N=해당 없음. 국내 2만 명 판정은 M02 값으로만"
사르코이드증,sarcoidosis,Sarcoidosis,D012507,N,D86,기타,respiratory,respiratory,subgroup,,Y,"rare_hint: Y=미국 희귀 지정 사례 다수/유병 20만 미만 추정, Y?=경계, N=해당 없음. 국내 2만 명 판정은 M02 값으로만"
류마티스관절염,RA,"Arthritis, Rheumatoid",D001172,N,"M05,M06",기타,immunology,immunology_inflammation,subgroup,,N,"rare_hint: Y=미국 희귀 지정 사례 다수/유병 20만 미만 추정, Y?=경계, N=해당 없음. 국내 2만 명 판정은 M02 값으로만"
건선,psoriasis|판상 건선,Psoriasis,D011565,N,L40,기타,immunology,immunology_inflammation,subgroup,,N,"rare_hint: Y=미국 희귀 지정 사례 다수/유병 20만 미만 추정, Y?=경계, N=해당 없음. 국내 2만 명 판정은 M02 값으로만"
건선성 관절염,PsA,"Arthritis, Psoriatic",D015535,N,L40.5,기타,immunology,immunology_inflammation,subgroup,,N,"rare_hint: Y=미국 희귀 지정 사례 다수/유병 20만 미만 추정, Y?=경계, N=해당 없음. 국내 2만 명 판정은 M02 값으로만"
강직성 척추염,AS|axSpA,"Spondylitis, Ankylosing",D013167,N,M45,기타,immunology,immunology_inflammation,subgroup,,N,"rare_hint: Y=미국 희귀 지정 사례 다수/유병 20만 미만 추정, Y?=경계, N=해당 없음. 국내 2만 명 판정은 M02 값으로만"
아토피피부염,atopic dermatitis,"Dermatitis, Atopic",D003876,N,L20,기타,immunology,immunology_inflammation,subgroup,,N,"rare_hint: Y=미국 희귀 지정 사례 다수/유병 20만 미만 추정, Y?=경계, N=해당 없음. 국내 2만 명 판정은 M02 값으로만"
크론병,Crohn,Crohn Disease,D003424,N,K50,기타,immunology,immunology_inflammation,subgroup,,N,"rare_hint: Y=미국 희귀 지정 사례 다수/유병 20만 미만 추정, Y?=경계, N=해당 없음. 국내 2만 명 판정은 M02 값으로만"
궤양성 대장염,UC,"Colitis, Ulcerative",D003093,N,K51,기타,immunology,immunology_inflammation,subgroup,,N,"rare_hint: Y=미국 희귀 지정 사례 다수/유병 20만 미만 추정, Y?=경계, N=해당 없음. 국내 2만 명 판정은 M02 값으로만"
전신홍반루푸스,루푸스|SLE,"Lupus Erythematosus, Systemic",D008180,N,M32,기타,immunology,immunology_inflammation,subgroup,,N,"rare_hint: Y=미국 희귀 지정 사례 다수/유병 20만 미만 추정, Y?=경계, N=해당 없음. 국내 2만 명 판정은 M02 값으로만"
루푸스 신염,lupus nephritis,Lupus Nephritis,D008181,N,M32.14,기타,immunology,immunology_inflammation,subgroup,,Y,"rare_hint: Y=미국 희귀 지정 사례 다수/유병 20만 미만 추정, Y?=경계, N=해당 없음. 국내 2만 명 판정은 M02 값으로만"
쇼그렌증후군,Sjogren,Sjogren's Syndrome,D012859,N,M35.0,기타,immunology,immunology_inflammation,subgroup,,N,"rare_hint: Y=미국 희귀 지정 사례 다수/유병 20만 미만 추정, Y?=경계, N=해당 없음. 국내 2만 명 판정은 M02 값으로만"
전신경화증,systemic sclerosis|피부경화증,"Scleroderma, Systemic",D012595,N,M34,기타,immunology,immunology_inflammation,subgroup,,Y,"rare_hint: Y=미국 희귀 지정 사례 다수/유병 20만 미만 추정, Y?=경계, N=해당 없음. 국내 2만 명 판정은 M02 값으로만"
피부근염,dermatomyositis,Dermatomyositis,D003882,N,M33,기타,immunology,immunology_inflammation,subgroup,,Y,"rare_hint: Y=미국 희귀 지정 사례 다수/유병 20만 미만 추정, Y?=경계, N=해당 없음. 국내 2만 명 판정은 M02 값으로만"
ANCA 연관 혈관염,vasculitis,Anti-Neutrophil Cytoplasmic Antibody-Associated Vasculitis,D056648,N,M31.3,기타,immunology,immunology_inflammation,subgroup,,Y,"rare_hint: Y=미국 희귀 지정 사례 다수/유병 20만 미만 추정, Y?=경계, N=해당 없음. 국내 2만 명 판정은 M02 값으로만"
만성 두드러기,CSU,Urticaria,D014581,N,L50.1,기타,immunology,immunology_inflammation,subgroup,,N,"rare_hint: Y=미국 희귀 지정 사례 다수/유병 20만 미만 추정, Y?=경계, N=해당 없음. 국내 2만 명 판정은 M02 값으로만"
화농성 한선염,HS,Hidradenitis Suppurativa,D017497,N,L73.2,기타,immunology,immunology_inflammation,subgroup,,N,"rare_hint: Y=미국 희귀 지정 사례 다수/유병 20만 미만 추정, Y?=경계, N=해당 없음. 국내 2만 명 판정은 M02 값으로만"
원형탈모증,alopecia areata,Alopecia Areata,D000506,N,L63,기타,immunology,immunology_inflammation,subgroup,,N,"rare_hint: Y=미국 희귀 지정 사례 다수/유병 20만 미만 추정, Y?=경계, N=해당 없음. 국내 2만 명 판정은 M02 값으로만"
백반증,vitiligo,Vitiligo,D014820,N,L80,기타,immunology,immunology_inflammation,subgroup,,N,"rare_hint: Y=미국 희귀 지정 사례 다수/유병 20만 미만 추정, Y?=경계, N=해당 없음. 국내 2만 명 판정은 M02 값으로만"
천포창,pemphigus,Pemphigus,D010392,N,L10,기타,immunology,immunology_inflammation,subgroup,,Y,"rare_hint: Y=미국 희귀 지정 사례 다수/유병 20만 미만 추정, Y?=경계, N=해당 없음. 국내 2만 명 판정은 M02 값으로만"
만성 이식편대숙주질환,cGVHD|GVHD,Graft vs Host Disease,D006086,N,D89.81,기타,immunology,immunology_inflammation,subgroup,,Y,"rare_hint: Y=미국 희귀 지정 사례 다수/유병 20만 미만 추정, Y?=경계, N=해당 없음. 국내 2만 명 판정은 M02 값으로만"
호산구성 식도염,EoE,Eosinophilic Esophagitis,D057765,N,K20.0,기타,immunology,immunology_inflammation,subgroup,,Y,"rare_hint: Y=미국 희귀 지정 사례 다수/유병 20만 미만 추정, Y?=경계, N=해당 없음. 국내 2만 명 판정은 M02 값으로만"
유전성 혈관부종,HAE,"Angioedemas, Hereditary",D054179,N,D84.1,기타,immunology,immunology_inflammation,subgroup,,Y,"rare_hint: Y=미국 희귀 지정 사례 다수/유병 20만 미만 추정, Y?=경계, N=해당 없음. 국내 2만 명 판정은 M02 값으로만"
IgA 신병증,IgAN,"Glomerulonephritis, IGA",D005922,N,N02.8,기타,immunology,immunology_inflammation,subgroup,,Y,"rare_hint: Y=미국 희귀 지정 사례 다수/유병 20만 미만 추정, Y?=경계, N=해당 없음. 국내 2만 명 판정은 M02 값으로만"
국소분절사구체경화증,FSGS,"Glomerulosclerosis, Focal Segmental",D005923,N,N04.1,기타,immunology,immunology_inflammation,subgroup,,Y,"rare_hint: Y=미국 희귀 지정 사례 다수/유병 20만 미만 추정, Y?=경계, N=해당 없음. 국내 2만 명 판정은 M02 값으로만"
스틸병,Still|AOSD,"Still's Disease, Adult-Onset",D016706,N,M06.1,기타,immunology,immunology_inflammation,subgroup,,Y,"rare_hint: Y=미국 희귀 지정 사례 다수/유병 20만 미만 추정, Y?=경계, N=해당 없음. 국내 2만 명 판정은 M02 값으로만"
혈우병 A,hemophilia A,Hemophilia A,D006467,N,D66,기타,hematology,hematology,subgroup,,Y,"rare_hint: Y=미국 희귀 지정 사례 다수/유병 20만 미만 추정, Y?=경계, N=해당 없음. 국내 2만 명 판정은 M02 값으로만"
혈우병 B,hemophilia B,Hemophilia B,D002836,N,D67,기타,hematology,hematology,subgroup,,Y,"rare_hint: Y=미국 희귀 지정 사례 다수/유병 20만 미만 추정, Y?=경계, N=해당 없음. 국내 2만 명 판정은 M02 값으로만"
겸상적혈구병,sickle cell,"Anemia, Sickle Cell",D000755,N,D57,기타,hematology,hematology,subgroup,,Y,"rare_hint: Y=미국 희귀 지정 사례 다수/유병 20만 미만 추정, Y?=경계, N=해당 없음. 국내 2만 명 판정은 M02 값으로만"
베타 지중해빈혈,beta thalassemia,beta-Thalassemia,D017086,N,D56.1,기타,hematology,hematology,subgroup,,Y,"rare_hint: Y=미국 희귀 지정 사례 다수/유병 20만 미만 추정, Y?=경계, N=해당 없음. 국내 2만 명 판정은 M02 값으로만"
면역성 혈소판감소증,ITP,"Purpura, Thrombocytopenic, Idiopathic",D016553,N,D69.3,기타,hematology,hematology,subgroup,,Y,"rare_hint: Y=미국 희귀 지정 사례 다수/유병 20만 미만 추정, Y?=경계, N=해당 없음. 국내 2만 명 판정은 M02 값으로만"
발작성 야간 혈색소뇨증,PNH,"Hemoglobinuria, Paroxysmal",D006457,N,D59.5,기타,hematology,hematology,subgroup,,Y,"rare_hint: Y=미국 희귀 지정 사례 다수/유병 20만 미만 추정, Y?=경계, N=해당 없음. 국내 2만 명 판정은 M02 값으로만"
신성 빈혈,CKD 빈혈|anemia of CKD,Anemia,D000740,N,D63.1,기타,hematology,hematology,subgroup,,N,"rare_hint: Y=미국 희귀 지정 사례 다수/유병 20만 미만 추정, Y?=경계, N=해당 없음. 국내 2만 명 판정은 M02 값으로만"
철결핍성 빈혈,iron deficiency anemia,"Anemia, Iron-Deficiency",D018798,N,D50,기타,hematology,hematology,subgroup,,N,"rare_hint: Y=미국 희귀 지정 사례 다수/유병 20만 미만 추정, Y?=경계, N=해당 없음. 국내 2만 명 판정은 M02 값으로만"
위식도역류질환,GERD,Gastroesophageal Reflux,D005764,N,K21,기타,gastro,gastro_hepatology,subgroup,,N,"rare_hint: Y=미국 희귀 지정 사례 다수/유병 20만 미만 추정, Y?=경계, N=해당 없음. 국내 2만 명 판정은 M02 값으로만"
과민성 대장증후군,IBS,Irritable Bowel Syndrome,D043183,N,K58,기타,gastro,gastro_hepatology,subgroup,,N,"rare_hint: Y=미국 희귀 지정 사례 다수/유병 20만 미만 추정, Y?=경계, N=해당 없음. 국내 2만 명 판정은 M02 값으로만"
원발성 담즙성 담관염,PBC,"Liver Cirrhosis, Biliary",D008105,N,K74.3,기타,gastro,gastro_hepatology,subgroup,,Y,"rare_hint: Y=미국 희귀 지정 사례 다수/유병 20만 미만 추정, Y?=경계, N=해당 없음. 국내 2만 명 판정은 M02 값으로만"
원발성 경화성 담관염,PSC,"Cholangitis, Sclerosing",D015209,N,K83.01,기타,gastro,gastro_hepatology,subgroup,,Y,"rare_hint: Y=미국 희귀 지정 사례 다수/유병 20만 미만 추정, Y?=경계, N=해당 없음. 국내 2만 명 판정은 M02 값으로만"
급성 췌장염,acute pancreatitis,Pancreatitis,D010195,N,K85,기타,gastro,gastro_hepatology,subgroup,,N,"rare_hint: Y=미국 희귀 지정 사례 다수/유병 20만 미만 추정, Y?=경계, N=해당 없음. 국내 2만 명 판정은 M02 값으로만"
단장증후군,SBS,Short Bowel Syndrome,D012778,N,K91.2,기타,gastro,gastro_hepatology,subgroup,,Y,"rare_hint: Y=미국 희귀 지정 사례 다수/유병 20만 미만 추정, Y?=경계, N=해당 없음. 국내 2만 명 판정은 M02 값으로만"
셀리악병,celiac,Celiac Disease,D002446,N,K90.0,기타,gastro,gastro_hepatology,subgroup,,N,"rare_hint: Y=미국 희귀 지정 사례 다수/유병 20만 미만 추정, Y?=경계, N=해당 없음. 국내 2만 명 판정은 M02 값으로만"
간경변,cirrhosis,Liver Cirrhosis,D008103,N,K74,기타,gastro,gastro_hepatology,subgroup,,N,"rare_hint: Y=미국 희귀 지정 사례 다수/유병 20만 미만 추정, Y?=경계, N=해당 없음. 국내 2만 명 판정은 M02 값으로만"
알코올성 간염,alcoholic hepatitis,"Hepatitis, Alcoholic",D006519,N,K70.1,기타,gastro,gastro_hepatology,subgroup,,N,"rare_hint: Y=미국 희귀 지정 사례 다수/유병 20만 미만 추정, Y?=경계, N=해당 없음. 국내 2만 명 판정은 M02 값으로만"
습성 황반변성,nAMD|황반변성,Wet Macular Degeneration,D057135,N,H35.32,기타,ophthalmology,ophthalmology,subgroup,,N,"rare_hint: Y=미국 희귀 지정 사례 다수/유병 20만 미만 추정, Y?=경계, N=해당 없음. 국내 2만 명 판정은 M02 값으로만"
당뇨병성 황반부종,DME,Macular Edema,D008269,N,H35.81,기타,ophthalmology,ophthalmology,subgroup,,N,"rare_hint: Y=미국 희귀 지정 사례 다수/유병 20만 미만 추정, Y?=경계, N=해당 없음. 국내 2만 명 판정은 M02 값으로만"
녹내장,glaucoma,Glaucoma,D005901,N,H40,기타,ophthalmology,ophthalmology,subgroup,,N,"rare_hint: Y=미국 희귀 지정 사례 다수/유병 20만 미만 추정, Y?=경계, N=해당 없음. 국내 2만 명 판정은 M02 값으로만"
안구건조증,dry eye,Dry Eye Syndromes,D015352,N,H04.12,기타,ophthalmology,ophthalmology,subgroup,,N,"rare_hint: Y=미국 희귀 지정 사례 다수/유병 20만 미만 추정, Y?=경계, N=해당 없음. 국내 2만 명 판정은 M02 값으로만"
포도막염,uveitis,Uveitis,D014605,N,H20,기타,ophthalmology,ophthalmology,subgroup,,Y,"rare_hint: Y=미국 희귀 지정 사례 다수/유병 20만 미만 추정, Y?=경계, N=해당 없음. 국내 2만 명 판정은 M02 값으로만"
망막색소변성증,RP,Retinitis Pigmentosa,D012174,N,H35.52,기타,ophthalmology,ophthalmology,subgroup,,Y,"rare_hint: Y=미국 희귀 지정 사례 다수/유병 20만 미만 추정, Y?=경계, N=해당 없음. 국내 2만 명 판정은 M02 값으로만"
지도모양 위축,GA|건성 황반변성,Geographic Atrophy,D057092,N,H35.31,기타,ophthalmology,ophthalmology,subgroup,,N,"rare_hint: Y=미국 희귀 지정 사례 다수/유병 20만 미만 추정, Y?=경계, N=해당 없음. 국내 2만 명 판정은 M02 값으로만"
감각신경성 난청,hearing loss,"Hearing Loss, Sensorineural",D006319,N,H90.3,기타,ent,ent,subgroup,,N,"rare_hint: Y=미국 희귀 지정 사례 다수/유병 20만 미만 추정, Y?=경계, N=해당 없음. 국내 2만 명 판정은 M02 값으로만"
이명,tinnitus,Tinnitus,D014012,N,H93.1,기타,ent,ent,subgroup,,N,"rare_hint: Y=미국 희귀 지정 사례 다수/유병 20만 미만 추정, Y?=경계, N=해당 없음. 국내 2만 명 판정은 M02 값으로만"
골관절염,OA|퇴행성 관절염,Osteoarthritis,D010003,N,M15-M19,기타,musculoskeletal,musculoskeletal_pain,subgroup,,N,"rare_hint: Y=미국 희귀 지정 사례 다수/유병 20만 미만 추정, Y?=경계, N=해당 없음. 국내 2만 명 판정은 M02 값으로만"
섬유근육통,fibromyalgia,Fibromyalgia,D005356,N,M79.7,기타,musculoskeletal,musculoskeletal_pain,subgroup,,N,"rare_hint: Y=미국 희귀 지정 사례 다수/유병 20만 미만 추정, Y?=경계, N=해당 없음. 국내 2만 명 판정은 M02 값으로만"
골형성부전증,OI,Osteogenesis Imperfecta,D010013,N,Q78.0,기타,musculoskeletal,musculoskeletal_pain,subgroup,,Y,"rare_hint: Y=미국 희귀 지정 사례 다수/유병 20만 미만 추정, Y?=경계, N=해당 없음. 국내 2만 명 판정은 M02 값으로만"
양성 전립선비대증,BPH,Prostatic Hyperplasia,D011470,N,N40,기타,urology,urology_nephrology,subgroup,,N,"rare_hint: Y=미국 희귀 지정 사례 다수/유병 20만 미만 추정, Y?=경계, N=해당 없음. 국내 2만 명 판정은 M02 값으로만"
과민성 방광,OAB,"Urinary Bladder, Overactive",D053201,N,N32.81,기타,urology,urology_nephrology,subgroup,,N,"rare_hint: Y=미국 희귀 지정 사례 다수/유병 20만 미만 추정, Y?=경계, N=해당 없음. 국내 2만 명 판정은 M02 값으로만"
발기부전,ED,Erectile Dysfunction,D007172,N,N52,기타,urology,urology_nephrology,subgroup,,N,"rare_hint: Y=미국 희귀 지정 사례 다수/유병 20만 미만 추정, Y?=경계, N=해당 없음. 국내 2만 명 판정은 M02 값으로만"
자궁내막증,endometriosis,Endometriosis,D004715,N,N80,기타,gynecology,womens_health,subgroup,,N,"rare_hint: Y=미국 희귀 지정 사례 다수/유병 20만 미만 추정, Y?=경계, N=해당 없음. 국내 2만 명 판정은 M02 값으로만"
자궁근종,uterine fibroids,Leiomyoma,D007889,N,D25,기타,gynecology,womens_health,subgroup,,N,"rare_hint: Y=미국 희귀 지정 사례 다수/유병 20만 미만 추정, Y?=경계, N=해당 없음. 국내 2만 명 판정은 M02 값으로만"
다낭성 난소증후군,PCOS,Polycystic Ovary Syndrome,D011085,N,E28.2,기타,gynecology,womens_health,subgroup,,N,"rare_hint: Y=미국 희귀 지정 사례 다수/유병 20만 미만 추정, Y?=경계, N=해당 없음. 국내 2만 명 판정은 M02 값으로만"
폐경 혈관운동증상,VMS|안면홍조,Hot Flashes,D019584,N,N95.1,기타,gynecology,womens_health,subgroup,,N,"rare_hint: Y=미국 희귀 지정 사례 다수/유병 20만 미만 추정, Y?=경계, N=해당 없음. 국내 2만 명 판정은 M02 값으로만"
여드름,acne,Acne Vulgaris,D000152,N,L70.0,기타,dermatology,dermatology,subgroup,,N,"rare_hint: Y=미국 희귀 지정 사례 다수/유병 20만 미만 추정, Y?=경계, N=해당 없음. 국내 2만 명 판정은 M02 값으로만"
주사,rosacea,Rosacea,D012393,N,L71,기타,dermatology,dermatology,subgroup,,N,"rare_hint: Y=미국 희귀 지정 사례 다수/유병 20만 미만 추정, Y?=경계, N=해당 없음. 국내 2만 명 판정은 M02 값으로만"
수포성 표피박리증,EB,Epidermolysis Bullosa,D004820,N,Q81,기타,dermatology,dermatology,subgroup,,Y,"rare_hint: Y=미국 희귀 지정 사례 다수/유병 20만 미만 추정, Y?=경계, N=해당 없음. 국내 2만 명 판정은 M02 값으로만"
당뇨병성 족부궤양,DFU,Diabetic Foot,D017719,N,E11.621,기타,dermatology,dermatology,subgroup,,N,"rare_hint: Y=미국 희귀 지정 사례 다수/유병 20만 미만 추정, Y?=경계, N=해당 없음. 국내 2만 명 판정은 M02 값으로만"
화상,burn,Burns,D002056,N,T20-T32,기타,dermatology,dermatology,subgroup,,N,"rare_hint: Y=미국 희귀 지정 사례 다수/유병 20만 미만 추정, Y?=경계, N=해당 없음. 국내 2만 명 판정은 M02 값으로만"
탈모,안드로겐성 탈모|AGA,Alopecia,D000505,N,L64,기타,dermatology,dermatology,subgroup,,N,"rare_hint: Y=미국 희귀 지정 사례 다수/유병 20만 미만 추정, Y?=경계, N=해당 없음. 국내 2만 명 판정은 M02 값으로만"
임신성 고혈압,임신성고혈압|임신 고혈압|gestational hypertension,"Hypertension, Pregnancy-Induced",D046110,N,O13,기타,obstetrics,womens_health,subgroup,,N,rare_hint: 화면 힌트. 국내 2만 명 판정은 M02 값으로만
전자간증,임신중독증|자간전증|preeclampsia,Pre-Eclampsia,D011225,N,O14,기타,obstetrics,womens_health,subgroup,,N,rare_hint: 화면 힌트. 국내 2만 명 판정은 M02 값으로만
임신성 당뇨병,임신성당뇨|GDM|gestational diabetes,"Diabetes, Gestational",D016640,N,O24.4,대사·내분비,obstetrics,endocrine,group_canonical(alt=womens_health),womens_health,N,rare_hint: 화면 힌트. 국내 2만 명 판정은 M02 값으로만
조산,조기진통|preterm labor,"Obstetric Labor, Premature",D007752,N,O60,기타,obstetrics,womens_health,subgroup,,N,rare_hint: 화면 힌트. 국내 2만 명 판정은 M02 값으로만
산후 출혈,postpartum hemorrhage|PPH,Postpartum Hemorrhage,D006473,N,O72,기타,obstetrics,womens_health,subgroup,,N,rare_hint: 화면 힌트. 국내 2만 명 판정은 M02 값으로만
난임,불임|infertility,Infertility,D007246,N,"N97,N46",기타,gynecology,womens_health,subgroup,,N,rare_hint: 화면 힌트. 국내 2만 명 판정은 M02 값으로만
임신오조,입덧|hyperemesis gravidarum,Hyperemesis Gravidarum,D006939,N,O21,기타,obstetrics,womens_health,subgroup,,N,rare_hint: 화면 힌트. 국내 2만 명 판정은 M02 값으로만
신생아 호흡곤란증후군,NRDS,"Respiratory Distress Syndrome, Newborn",D012127,N,P22.0,기타,neonatal,neonatal,subgroup,,N,rare_hint: 화면 힌트. 국내 2만 명 판정은 M02 값으로만
미숙아 망막병증,ROP,Retinopathy of Prematurity,D012178,N,H35.1,기타,neonatal,neonatal,subgroup,,Y,rare_hint: 화면 힌트. 국내 2만 명 판정은 M02 값으로만
기관지폐이형성증,BPD,Bronchopulmonary Dysplasia,D001997,N,P27.1,기타,neonatal,neonatal,subgroup,,Y,rare_hint: 화면 힌트. 국내 2만 명 판정은 M02 값으로만
신경성 식욕부진,섭식장애|식사장애|거식증|anorexia nervosa,Anorexia Nervosa,D000856,Y,F50.0,중추신경(정신),,psychiatry,code_rule:TA-14,,N,2026-09-28 추가(검증어 섭식장애). MeSH ID NLM 확인
신경성 폭식증,섭식장애|식사장애|bulimia nervosa,Bulimia Nervosa,D052018,Y,F50.2,중추신경(정신),,psychiatry,code_rule:TA-14,,N,2026-09-28 추가(검증어 섭식장애). MeSH ID NLM 확인
폭식장애,섭식장애|식사장애|BED|binge eating disorder,Binge-Eating Disorder,D056912,Y,F50.8,중추신경(정신),,psychiatry,code_rule:TA-14,,N,2026-09-28 추가(검증어 섭식장애). MeSH ID NLM 확인. KCD에는 폭식장애 단독 코드 없음 → F50.8 기타 식사장애
