icd10_range,buyo_disease_group,chapter_ko
A00-B99,감염,감염성 및 기생충성 질환
C00-C97,항암,악성 신생물
D00-D09,항암,제자리 신생물
D10-D48,기타,양성·불확실 신생물 — 사용자 확인
D50-D89,기타,혈액·면역(비암)
E00-E90,대사·내분비,내분비·영양·대사
F00-F99,중추신경(정신),정신 및 행동장애
G00-G99,중추신경(신경),신경계
H00-H59,기타,눈
H60-H95,기타,귀
I00-I99,심혈관,순환계(뇌혈관 I60-I69 포함)
J00-J99,기타,호흡계
K00-K93,기타,소화계
L00-L99,기타,피부
M00-M99,기타,근골격·결합조직
N00-N99,기타,비뇨생식계
O00-O99,기타,임신·출산·산후 (O24 임신성 당뇨는 대사·내분비)
P00-P96,기타,주산기
Q00-Q99,기타,선천기형·염색체 이상 — rare 사용자 확인
R00-R99,기타,증상·징후
S00-T98,기타,손상·중독
U00-U99,감염,특수목적(U07 코로나19)
J09-J18,감염,예외: 인플루엔자·폐렴(1층 감염과 일치)
J20-J22,감염,예외: 급성 하기도 감염(1층 RSV 감염과 일치)
N39.0,감염,예외: 요로감염(1층 복잡성 요로감염과 일치)
