구분,출처,대상,채택값,다른 원문 위치·값,처리 원칙
기간 해석 주의(v0.2 추가),BIO 2021,P1→Approval 총기간 지표 (전체 10.5년 및 질환군별 16개),Figure 17a 표시값,구성 단계값·n은 p.25 Figure 17b,"각 단계의 성공 전환 평균 기간을 합쳐 제시한 원문 총기간 지표이며, 동일 program cohort의 P1→Approval 기간을 직접 관측한 평균이 아니다. 표시된 단계값을 다시 합산해 원문 총값을 교체하지 않는다. 고유 프로그램의 total-duration n은 원문에 없으므로 reported_n을 비워 둔다. 전체 기간 분석의 성공 전환 6,151건을 질환군별 총기간의 n으로 사용하지 않는다."
기간 n 구분(v0.2 추가),BIO 2021,Urology — 성공확률 n과 기간 n의 구분,기간 n: P1→P2 9 / P2→P3 6 / P3→NDA/BLA 9 / NDA/BLA→Approval 11,"성공확률 n: P3→NDA/BLA 13, NDA/BLA→Approval 13 (Figure 2·5b)",두 n은 서로 다른 값이다. 특히 P2→P3 평균 5.0년은 성공 전환 6건에 근거한다는 점을 원문도 강조한다. 혼용하지 않는다.
기간 정의 구분(v0.2 추가),공통,BIO 기간과 Wong 기간,둘 다 원문 근거로 보존,"BIO: 개발 프로그램의 성공 단계 전환, 단계 개시 공시→다음 단계 개시 공시, average / Wong: 개별 clinical trial 1건, 시험 시작→종료, median",관측 단위·통계량·시작과 종료 정의·분석 대상이 다르므로 동일한 duration parameter로 통합하거나 서로 대체하지 않는다. 시간 단위가 같다는 이유로 같은 지표로 다루지 않는다. 평균내지 않는다.
본문·표 불일치,BIO 2021,Oncology P3→NDA/BLA,"47.7%, n=495 (Figure 2·4·6)",본문 p.8: 47.5%,표 값을 채택하고 본문 값을 함께 보존한다. 평균내지 않는다.
본문·표 불일치,BIO 2021,Biosimilar P1→Approval LOA,"32.2%, n=277 (p.15 Figure 9)",본문 p.15: 32.3%,표 값을 채택. 차이의 원인은 원문에서 확인되지 않으므로 반올림 차이라고 단정하지 않는다.
본문·표 불일치,BIO 2021,IO P2→P3,"40.2%, n=244 (p.13 Figure 7)",본문 p.12: 42.0%,표 값을 채택하고 본문 값을 함께 보존한다.
본문·표 불일치,BIO 2021,siRNA/RNAi P1→Approval LOA의 n,"13.5%, n=87 (p.17 Figure 10b)",본문 p.16: n=70,확률은 양쪽 동일. 표의 n을 채택하고 본문 n을 함께 보존한다.
정정(Corrigendum),Wong 2019,"Table 1·2의 Phase 2→3, Table 1의 Phase 3→APP",전체 P2→P3 = 48.6% (Table 2),본문 §4.1 p.277과 §4.3 p.280에 정정 전 값 58.3% 잔존,정정값을 채택. 정정 원인은 Excel formatting 문제라고 정정문에 명시되어 있다. 첨부 정정문에는 수정표가 재게재되어 있지 않으므로 '정정문의 표와 대조했다'고 쓰지 않는다.
정정에 따른 해석 변경,Wong 2019,§4.3의 orphan 비교 서술,전체 48.6% vs orphan 48.8%,§4.3은 전체 58.3%를 전제로 서술,'orphan의 P2→P3 성공확률이 전체보다 낮다'는 문장은 정정값 기준으로 유지할 수 없다.
정정에 따른 해석 변경,Wong 2019,§4.1의 lead indication 서술,전체 48.6% vs lead 55.6%,§4.1은 lead에서 P2→3가 감소한다고 서술,현재 표 기준으로는 반대 방향이다. 해당 서술을 인용하지 않는다.
산식·표시값 불일치,Wong 2019,Table 1의 phase-by-phase 열 (p.278),마스터 테이블에 넣지 않음,38.2%×59.0%=22.5%인데 표시값은 28.8% / 38.8%×38.2%×59.0%=8.7%인데 표시값은 6.9%,불일치는 확인되지만 어느 셀의 오류인지 확정할 수 없다. hold로 두고 22.5%·8.7%로 임의 교정하지 않는다. 이 열은 타 문헌 비교용이며 Table 2의 path-by-path 값과 모집단이 같다고 단정하지 않는다.
집계 수치 미해결,Wong 2019,단계 전환 수와 경로 수 합계,"본문 §2: 41,040 경로 / 67,752 전환","Table 2 Overall 경로 수 합: 41,040+21,180+7,532=69,752","두 집계의 정의 차이인지 기재 오류인지 현재 자료로 확정할 수 없다. '41,040 경로 = 67,752 전환'이라고 쓰지 않는다."
소표본 경고,BIO 2021,Gene therapy NDA/BLA→Approval,"100.0%, n=2",—,P1·P2·P3 LOA가 모두 이 단계를 포함한다. 각 행의 n만 보는 n<10 검사로는 이 한계를 놓친다.
소표본 경고,BIO 2021,CAR-T P3→NDA/BLA / NDA/BLA→Approval / P3→Approval,66.7%(n=3) / 100.0%(n=4) / 66.7%(n=7),—,원문값은 보존하되 화면 기본값 채택은 별도 결정이다.
소표본 경고,BIO 2021,siRNA/RNAi P3→NDA/BLA / NDA/BLA→Approval / P3→Approval,66.7%(n=6) / 100.0%(n=3) / 66.7%(n=9),—,동일.
소표본 경고,BIO 2021,Antisense NDA/BLA→Approval,"66.7%, n=9",—,모든 LOA에 영향.
소표본 경고,BIO 2021,ADCs P3→NDA/BLA / NDA/BLA→Approval,62.5%(n=16) / 100.0%(n=12),—,LOA 해석 시 함께 확인.
소표본 경고,BIO 2021,Biosimilar P2→P3,"50.0%, n=4",—,P1·P2 LOA에 모두 영향.
소표본 참고,BIO 2021,n<10 기준 자체,—,—,n<10은 BIO가 정한 공식 유효성 기준이 아니라 이번 검토에서 사용하는 경고선이다. n≥10이 안정성을 보장하지도 않는다.
보류(파생값),공통,"Neurology+Psychiatry 통합, Metabolic+Cardiovascular 통합",—,—,원문에 통합 직접값이 없다. 상호 배타적 집단의 같은 단계 conditional은 건수가 있으면 합산 추정이 가능하지만 그 결과는 새로 계산한 값이므로 원문 직접값 표에 넣지 않는다. LOA를 LOA의 n으로 가중평균하는 방식은 사용할 수 없다. 기간도 마찬가지로 통합값을 만들지 않는다.
보류(파생값),공통,modality × disease 교차값 (예: 항체×항암 P2),—,—,서로 다른 주변집단의 확률을 곱하거나 평균내어 교차집단 확률을 만들 수 없다.
보류(파생값),BIO 2021,전체에서 모달리티 합을 빼 other 생성,—,—,"Figure 10b 10개 행의 합이 전체보다 작다는 사실은 확인되지만, 미분류·누락의 성격이 불명이다."
보류(범위 불일치),BIO 2021,"Part 2의 항암 단클론항체 P1→승인 5.9%(n=935), PD-1/PD-L1 23.9%(n=71), 기타 면역요법 1.9%(n=945)",본문 수치로만 보존,p.22,"과거 성공률을 설명하는 문맥이지만 Part 1과 동일한 산식·분모인지 확인되지 않는다. 직접값 본표에서는 보류하며, 일괄적으로 'QLS 예측값(POA)'이라고 분류하지도 않는다."
보류(과업 B),Wong 2019,P3 종료→Approval 약 30개월,hold / duration_value_type=assumption,p.277 §3,종료 판정 임계치 t3=900일을 설정하기 위한 저자의 가정이다. 실측 기간 데이터에 넣지 않는다.
미확보 → 해소(v0.3),공통,단계별 비용,—,—,"BIO 2021과 Wong 2019 모두 단계별 금액을 제시하지 않는다. 과업 B의 비용 열은 Paul 2010, DiMasi 2016으로 별도 확보해야 한다. v0.3에서 Paul 2010·DiMasi 2016으로 확보해 D_CostMaster_v0.3에 저장했다."
범위 제한,Wong 2019,Lead indications 표 (Table 2 하단),이번 1차본에서 제외,p.279 하단,All indications 표와 모집단이 다르다. 필요하면 별도 행으로 추가하되 상단 표와 섞지 않는다.
범위 제한,Wong 2019,Table 4의 therapeutic group별 orphan 값,이번 1차본에서 제외,p.282,Overall과 All except oncology 두 행만 전사했다. 필요하면 추가 전사한다.
비용 적용 제한(v0.3 추가),DiMasi 2016,Table 2 mean·median (P1·P2·P3),"mean 25.3/58.6/255.4, median 17.3/44.8/200.0 (p.24 Table 2)",—,"실제 기업 보고 지출에 기반한 값이지만 investigational compound 단위이며, 특정 적응증 하나의 개발 프로그램 비용이나 현재 진행 시점부터 남은 비용이 아니다. 회사별 잔여 필요자금에 직접 대입하지 않는다."
비용 정책 보류(v0.3 추가),DiMasi 2016,mean과 median의 기본값 선택,둘 다 원문 직접값으로 보존,—,"저자들이 preferred benchmark를 지정하지 않았다. 화면 기본값 선택은 제품 정책(COST_DEC_01)이며, 두 통계량을 평균내지 않는다. mean > median이므로 오른쪽 치우침을 시사한다는 수준까지만 설명한다."
비용 적용 금지(v0.3 추가),DiMasi 2016,Expected phase cost (P1 25.3 / P2 34.9 / P3 54.0 / 합계 114.2),"별도 행으로 보존, reference_only",p.24 Table 2,"P1 진입을 기준으로 한 단계 도달확률이 이미 반영되어 있다. 현재 해당 단계에 있는 자산의 비용으로 사용하지 않고, 성공확률을 다시 곱하지 않는다. 34.9를 58.6으로 바꾸는 것만으로 회사별 잔여자금이 되지도 않는다."
비용 적용 금지(v0.3 추가),DiMasi 2016,"Capitalized cost (Table 4) 및 Paul 1,778","별도 행으로 보존, reference_only",DiMasi Table 4 / Paul p.205·Fig.2,"DiMasi는 10.5%, Paul은 11%의 자본비용을 적용해 허가·출시 시점까지 자본화한 값이다. 자본 기회비용이 포함되므로 실제 현금지출이 아니며 현금 gap 입력에 사용하지 않는다."
비용 적용 금지(v0.3 추가),DiMasi 2016 / Paul 2010,"승인약·출시 1개당 비용 (965·1,460·430·1,098·1,395·2,558·1,861·2,870 / 873·1,778)","별도 행으로 보존, reference_only / not_suitable",DiMasi p.25·26·31 / Paul p.205,실패한 자산의 지출까지 승인약 1개 또는 NME 출시 1개에 귀속한 산업 R&D 비용이다. 특정 회사가 조달해야 할 금액이 아니므로 회사별 필요자금 입력에 사용하지 않는다. Paul 873은 임상단계 합계가 아니라 발굴 단계를 포함한 모델 전체 비용이다.
비용 범위 주의(v0.3 추가),DiMasi 2016,Long-term animal testing 비용,Table 2 단계비용에 포함,"p.23 §5.1, p.22 각주 8",임상개발 중 수행된 기형발생성·발암성 등 장기 동물시험 비용이 발생 시점에 따라 임상단계에 배분되어 포함된다. 따라서 '순수 임상시험 수행비'가 아니라 '임상단계 비용'으로 표기한다. 모든 화합물이 동일한 시험이나 동일한 금액을 부담했다는 뜻은 아니다.
비용 기준연도 주의(v0.3 추가),Paul 2010,단계별 모델 입력값의 base year,base_year 비움 / base_year_status=not_reported_in_original,DiMasi 2016 Table 1은 Paul 값을 2008 dollars로 분류,Paul 원문에는 비용의 명시적 달러 기준연도가 없다. DiMasi의 교차참조는 discrepancy_note에만 기록하고 Paul 원문의 확정 base year로 승격하지 않는다. 발행연도 2010을 확정 불변가격 기준연도로 처리하지도 않는다.
비용 파생값 제외(v0.3 추가),DiMasi 2016,"단계 mean의 단순합 (P1+P2=83.9, P1+P2+P3=339.3)",최종 마스터에서 제외,—,단계마다 조건부 표본이 달라 특정 성공경로의 비용으로 해석할 수 없다. 원문 Table 2의 Total은 expected cost 114.2뿐이므로 단계 mean의 합을 clinical total cost로 쓰지 않는다.
비용 비교 주의(v0.3 추가),공통,Paul 2010과 DiMasi 2016의 단계비용,둘 다 원문 근거로 보존,Paul P2 40 (모델 입력값) / DiMasi P2 mean 58.6 (가중평균),"정의·자료 생성 방식·비용 범위·기준연도가 다르다. 평균내지 않으며, 두 값의 차이를 그대로 비용 상승률이나 물가 차이로 해석하지 않는다."
