record_id,source,phase,cost_value,statistic,currency,unit_scale,base_year,base_year_status,cost_definition,unit_of_analysis,cost_scope,attrition_handling,capitalized,n,data_period,source_page,source_table_figure,source_verified,benchmark_status,cash_gap_status,default_candidate,decision_required,interpretation_note,discrepancy_note,valid_until,validity_badge,cost_value_current,conversion_index,conversion_base_date,conversion_factor,conversion_updated
PAUL_C_0001,Paul 2010,Preclinical,5.0,model_input,USD,million,,not_reported_in_original,프로젝트 1개당 단계 비용으로 설정된 모델 입력값,project / WIP 1개,"molecule-only. 초기 탐색연구(타깃 발굴·검증), 출시 후 비용, R&D 조직 지원 비R&D 인력 급여 등 원문이 제시한 overhead 제외. 인건비·시설비·관리비의 세부 포함 범위는 첨부 본문에서 미확인. 질환군·모달리티별로 분리된 값이 아님.",출시당 attrition adjustment 이전,no,,미확인 (첨부 본문에서 비용 입력값의 공통 수집기간 확정 불가. 자료 기반은 대형 제약사 13곳 PBF와 저자 내부자료),"p.206, Fig.2",Figure 2,yes,limited_benchmark,not_suitable_for_direct_company_gap,no,COST_DEC_03,"프로젝트 1개당 단계 비용으로 설정된 모델 입력값이며, 관측된 실제 현금지출이나 특정 회사가 앞으로 지급할 확정 금액이 아니다. 임상시험 1건의 비용이 아니다. 성공·중단 프로젝트 비용의 평균 산출 방식은 첨부 본문에서 확인되지 않는다. attrition 미반영은 출시당 실패·중단 조정 이전이라는 뜻이며, 원자료가 실패 프로젝트를 전혀 포함하지 않았다는 뜻이 아니다. 앞선 발굴 단계(Target-to-hit·Hit-to-lead·Lead optimization) 비용과 구분한다. Figure 2에서 발굴 쪽 색상으로 표시되며, 모든 비임상 발굴 활동의 총합이 아니다.",DiMasi 2016 Table 1은 Paul 2010의 비용 추정치를 2008 dollars로 분류한다. 교차참조 사실로만 기록하며 Paul 원문의 확정 base year로 승격하지 않는다.,,industry_reference; base_year_unreported,,,,,
PAUL_C_0002,Paul 2010,P1,15.0,model_input,USD,million,,not_reported_in_original,프로젝트 1개당 단계 비용으로 설정된 모델 입력값,project / WIP 1개,"molecule-only. 초기 탐색연구(타깃 발굴·검증), 출시 후 비용, R&D 조직 지원 비R&D 인력 급여 등 원문이 제시한 overhead 제외. 인건비·시설비·관리비의 세부 포함 범위는 첨부 본문에서 미확인. 질환군·모달리티별로 분리된 값이 아님.",출시당 attrition adjustment 이전,no,,미확인 (첨부 본문에서 비용 입력값의 공통 수집기간 확정 불가. 자료 기반은 대형 제약사 13곳 PBF와 저자 내부자료),"p.206, Fig.2; p.208",Figure 2,yes,limited_benchmark,not_suitable_for_direct_company_gap,no,COST_DEC_03,"프로젝트 1개당 단계 비용으로 설정된 모델 입력값이며, 관측된 실제 현금지출이나 특정 회사가 앞으로 지급할 확정 금액이 아니다. 임상시험 1건의 비용이 아니다. 성공·중단 프로젝트 비용의 평균 산출 방식은 첨부 본문에서 확인되지 않는다. attrition 미반영은 출시당 실패·중단 조정 이전이라는 뜻이며, 원자료가 실패 프로젝트를 전혀 포함하지 않았다는 뜻이 아니다. Figure 2와 p.208 본문이 함께 뒷받침하는 값이다.",DiMasi 2016 Table 1은 Paul 2010의 비용 추정치를 2008 dollars로 분류한다. 교차참조 사실로만 기록하며 Paul 원문의 확정 base year로 승격하지 않는다.,,industry_reference; base_year_unreported,,,,,
PAUL_C_0003,Paul 2010,P2,40.0,model_input,USD,million,,not_reported_in_original,프로젝트 1개당 단계 비용으로 설정된 모델 입력값,project / WIP 1개,"molecule-only. 초기 탐색연구(타깃 발굴·검증), 출시 후 비용, R&D 조직 지원 비R&D 인력 급여 등 원문이 제시한 overhead 제외. 인건비·시설비·관리비의 세부 포함 범위는 첨부 본문에서 미확인. 질환군·모달리티별로 분리된 값이 아님.",출시당 attrition adjustment 이전,no,,미확인 (첨부 본문에서 비용 입력값의 공통 수집기간 확정 불가. 자료 기반은 대형 제약사 13곳 PBF와 저자 내부자료),"p.206, Fig.2",Figure 2,yes,limited_benchmark,not_suitable_for_direct_company_gap,no,COST_DEC_03,"프로젝트 1개당 단계 비용으로 설정된 모델 입력값이며, 관측된 실제 현금지출이나 특정 회사가 앞으로 지급할 확정 금액이 아니다. 임상시험 1건의 비용이 아니다. 성공·중단 프로젝트 비용의 평균 산출 방식은 첨부 본문에서 확인되지 않는다. attrition 미반영은 출시당 실패·중단 조정 이전이라는 뜻이며, 원자료가 실패 프로젝트를 전혀 포함하지 않았다는 뜻이 아니다. 특정 회사의 다음 변곡점까지 남은 필요자금으로 직접 대입하지 않는다. DiMasi 58.6과 평균내지 않는다.",DiMasi 2016 Table 1은 Paul 2010의 비용 추정치를 2008 dollars로 분류한다. 교차참조 사실로만 기록하며 Paul 원문의 확정 base year로 승격하지 않는다.,,industry_reference; base_year_unreported,,,,,
PAUL_C_0004,Paul 2010,P3,150.0,model_input,USD,million,,not_reported_in_original,프로젝트 1개당 단계 비용으로 설정된 모델 입력값,project / WIP 1개,"molecule-only. 초기 탐색연구(타깃 발굴·검증), 출시 후 비용, R&D 조직 지원 비R&D 인력 급여 등 원문이 제시한 overhead 제외. 인건비·시설비·관리비의 세부 포함 범위는 첨부 본문에서 미확인. 질환군·모달리티별로 분리된 값이 아님.",출시당 attrition adjustment 이전,no,,미확인 (첨부 본문에서 비용 입력값의 공통 수집기간 확정 불가. 자료 기반은 대형 제약사 13곳 PBF와 저자 내부자료),"p.206, Fig.2; p.208",Figure 2,yes,limited_benchmark,not_suitable_for_direct_company_gap,no,COST_DEC_03,"프로젝트 1개당 단계 비용으로 설정된 모델 입력값이며, 관측된 실제 현금지출이나 특정 회사가 앞으로 지급할 확정 금액이 아니다. 임상시험 1건의 비용이 아니다. 성공·중단 프로젝트 비용의 평균 산출 방식은 첨부 본문에서 확인되지 않는다. attrition 미반영은 출시당 실패·중단 조정 이전이라는 뜻이며, 원자료가 실패 프로젝트를 전혀 포함하지 않았다는 뜻이 아니다. Figure 2와 p.208 본문이 함께 뒷받침하는 값이다.",DiMasi 2016 Table 1은 Paul 2010의 비용 추정치를 2008 dollars로 분류한다. 교차참조 사실로만 기록하며 Paul 원문의 확정 base year로 승격하지 않는다.,,industry_reference; base_year_unreported,,,,,
PAUL_C_0005,Paul 2010,Submission to launch,40.0,model_input,USD,million,,not_reported_in_original,프로젝트 1개당 단계 비용으로 설정된 모델 입력값,project / WIP 1개,"molecule-only. 초기 탐색연구(타깃 발굴·검증), 출시 후 비용, R&D 조직 지원 비R&D 인력 급여 등 원문이 제시한 overhead 제외. 인건비·시설비·관리비의 세부 포함 범위는 첨부 본문에서 미확인. 질환군·모달리티별로 분리된 값이 아님.",출시당 attrition adjustment 이전,no,,미확인 (첨부 본문에서 비용 입력값의 공통 수집기간 확정 불가. 자료 기반은 대형 제약사 13곳 PBF와 저자 내부자료),"p.206, Fig.2",Figure 2,yes,limited_benchmark,not_suitable_for_direct_company_gap,no,COST_DEC_03,"프로젝트 1개당 단계 비용으로 설정된 모델 입력값이며, 관측된 실제 현금지출이나 특정 회사가 앞으로 지급할 확정 금액이 아니다. 임상시험 1건의 비용이 아니다. 성공·중단 프로젝트 비용의 평균 산출 방식은 첨부 본문에서 확인되지 않는다. attrition 미반영은 출시당 실패·중단 조정 이전이라는 뜻이며, 원자료가 실패 프로젝트를 전혀 포함하지 않았다는 뜻이 아니다. 단순 허가 신청 수수료로 해석하지 않는다.",DiMasi 2016 Table 1은 Paul 2010의 비용 추정치를 2008 dollars로 분류한다. 교차참조 사실로만 기록하며 Paul 원문의 확정 base year로 승격하지 않는다.,,industry_reference; base_year_unreported,,,,,
PAUL_C_0006,Paul 2010,Target-to-hit → launch 전체,873.0,model_output,USD,million,,not_reported_in_original,Paul 모델의 NME 1개 출시당 out-of-pocket 총비용 (모델 출력값),기대 NME 출시 1개,"molecule-only. 초기 탐색연구(타깃 발굴·검증), 출시 후 비용, R&D 조직 지원 비R&D 인력 급여 등 원문이 제시한 overhead 제외. 인건비·시설비·관리비의 세부 포함 범위는 첨부 본문에서 미확인. 질환군·모달리티별로 분리된 값이 아님.",출시당 실패·중단 반영,no,,미확인 (첨부 본문에서 확정 불가),"p.205; p.206, Fig.2",Figure 2,yes,reference_only,not_suitable,no,없음,"임상단계 합계가 아니다. Target-to-hit부터 launch까지 Paul 모델에 포함된 전체 비용이며, 발굴 단계(Target-to-hit·Hit-to-lead·Lead optimization)와 Preclinical을 포함한다. 타깃 발굴·검증 등 초기 탐색연구와 출시 후 비용은 제외된다.",DiMasi 2016 Table 1은 Paul 2010의 비용 추정치를 2008 dollars로 분류한다. 교차참조 사실로만 기록하며 Paul 원문의 확정 base year로 승격하지 않는다.,,industry_reference; base_year_unreported,,,,,
PAUL_C_0007,Paul 2010,Target-to-hit → launch 전체,1778.0,model_output,USD,million,,not_reported_in_original,"Paul 모델의 NME 1개 출시당 capitalized 총비용 (모델 출력값, 자본비용 11%)",기대 NME 출시 1개,"molecule-only. 초기 탐색연구(타깃 발굴·검증), 출시 후 비용, R&D 조직 지원 비R&D 인력 급여 등 원문이 제시한 overhead 제외. 인건비·시설비·관리비의 세부 포함 범위는 첨부 본문에서 미확인. 질환군·모달리티별로 분리된 값이 아님.",출시당 실패·중단 반영,yes,,미확인 (첨부 본문에서 확정 불가),"p.205; p.206, Fig.2",Figure 2,yes,reference_only,not_suitable,no,없음,"out-of-pocket 지출에 지출 시점부터 출시까지 11% 자본비용을 적용한 값이다. 현재가치 할인이 아니라 출시 시점으로의 자본화이며, 회사가 확보해야 할 현금으로 사용하지 않는다.",DiMasi 2016 Table 1은 Paul 2010의 비용 추정치를 2008 dollars로 분류한다. 교차참조 사실로만 기록하며 Paul 원문의 확정 base year로 승격하지 않는다.,,industry_reference; base_year_unreported,,,,,
DIMASI_C_0001,DiMasi 2016,P1,25.3,weighted_mean,USD,million,2013.0,explicitly_reported,해당 단계에 진입한 investigational compound의 해당 단계 보고 현금지출 가중평균,investigational compound entering the phase,investigational compound 단위 / indication-specific development program 단위가 아님 / 단계 진입 자산 기준 / 중단 자산의 지출 포함 / long-term animal testing(기형발생성·발암성 등) 비용 포함 / 2013 constant USD / 민간부문 비용 / 내부 인건비·overhead·CMC 세부 포함 범위는 본문만으로 미확인 / 모달리티별 값 아님 / 질환군별 값 아님 / 현재 진행률 이후의 잔여비용이 아님,단계 도달확률은 미반영; 중단 자산의 실제 지출은 표본에 포함,no,97.0,"최초 인체투여 1995~2007년, 개발비용 2013년까지 수집",p.24,Table 2,yes,primary_benchmark_candidate,not_suitable_for_direct_company_gap,default,COST_DEC_01; COST_DEC_02; COST_DEC_03,"특정 회사의 현재 시점부터 남은 비용이 아니며, 단일 적응증 프로그램 비용도 아니다. 임상시험 1건의 비용도 아니며, P3는 다수의 대규모 시험을 포함할 수 있다. 보고 시점에 해당 단계를 진행 중인 화합물 5개가 존재한다.",저자들은 mean과 median 중 preferred benchmark를 지정하지 않았다. 논문의 기대비용 계산에는 mean을 사용한다. phase mean을 단순 합산해 clinical total cost로 만들지 않는다. 원문 Table 2의 Total은 expected cost 114.2뿐이다.,,industry_reference,,BRDPI,,,
DIMASI_C_0002,DiMasi 2016,P2,58.6,weighted_mean,USD,million,2013.0,explicitly_reported,해당 단계에 진입한 investigational compound의 해당 단계 보고 현금지출 가중평균,investigational compound entering the phase,investigational compound 단위 / indication-specific development program 단위가 아님 / 단계 진입 자산 기준 / 중단 자산의 지출 포함 / long-term animal testing(기형발생성·발암성 등) 비용 포함 / 2013 constant USD / 민간부문 비용 / 내부 인건비·overhead·CMC 세부 포함 범위는 본문만으로 미확인 / 모달리티별 값 아님 / 질환군별 값 아님 / 현재 진행률 이후의 잔여비용이 아님,단계 도달확률은 미반영; 중단 자산의 실제 지출은 표본에 포함,no,78.0,"최초 인체투여 1995~2007년, 개발비용 2013년까지 수집",p.24,Table 2,yes,primary_benchmark_candidate,not_suitable_for_direct_company_gap,default,COST_DEC_01; COST_DEC_02; COST_DEC_03,"특정 회사의 현재 시점부터 남은 비용이 아니며, 단일 적응증 프로그램 비용도 아니다. 임상시험 1건의 비용도 아니며, P3는 다수의 대규모 시험을 포함할 수 있다. 보고 시점에 해당 단계를 진행 중인 화합물 5개가 존재한다.",저자들은 mean과 median 중 preferred benchmark를 지정하지 않았다. 논문의 기대비용 계산에는 mean을 사용한다. phase mean을 단순 합산해 clinical total cost로 만들지 않는다. 원문 Table 2의 Total은 expected cost 114.2뿐이다.,,industry_reference,,BRDPI,,,
DIMASI_C_0003,DiMasi 2016,P3,255.4,weighted_mean,USD,million,2013.0,explicitly_reported,해당 단계에 진입한 investigational compound의 해당 단계 보고 현금지출 가중평균,investigational compound entering the phase,investigational compound 단위 / indication-specific development program 단위가 아님 / 단계 진입 자산 기준 / 중단 자산의 지출 포함 / long-term animal testing(기형발생성·발암성 등) 비용 포함 / 2013 constant USD / 민간부문 비용 / 내부 인건비·overhead·CMC 세부 포함 범위는 본문만으로 미확인 / 모달리티별 값 아님 / 질환군별 값 아님 / 현재 진행률 이후의 잔여비용이 아님,단계 도달확률은 미반영; 중단 자산의 실제 지출은 표본에 포함,no,42.0,"최초 인체투여 1995~2007년, 개발비용 2013년까지 수집",p.24,Table 2,yes,primary_benchmark_candidate,not_suitable_for_direct_company_gap,default,COST_DEC_01; COST_DEC_02; COST_DEC_03,"특정 회사의 현재 시점부터 남은 비용이 아니며, 단일 적응증 프로그램 비용도 아니다. 임상시험 1건의 비용도 아니며, P3는 다수의 대규모 시험을 포함할 수 있다. 보고 시점에 해당 단계를 진행 중인 화합물 5개가 존재한다.",저자들은 mean과 median 중 preferred benchmark를 지정하지 않았다. 논문의 기대비용 계산에는 mean을 사용한다. phase mean을 단순 합산해 clinical total cost로 만들지 않는다. 원문 Table 2의 Total은 expected cost 114.2뿐이다.,,industry_reference,,BRDPI,,,
DIMASI_C_0011,DiMasi 2016,P1,17.3,weighted_median,USD,million,2013.0,explicitly_reported,해당 단계에 진입한 investigational compound의 해당 단계 보고 현금지출 가중중앙값,investigational compound entering the phase,investigational compound 단위 / indication-specific development program 단위가 아님 / 단계 진입 자산 기준 / 중단 자산의 지출 포함 / long-term animal testing(기형발생성·발암성 등) 비용 포함 / 2013 constant USD / 민간부문 비용 / 내부 인건비·overhead·CMC 세부 포함 범위는 본문만으로 미확인 / 모달리티별 값 아님 / 질환군별 값 아님 / 현재 진행률 이후의 잔여비용이 아님,단계 도달확률은 미반영; 중단 자산의 실제 지출은 표본에 포함,no,97.0,"최초 인체투여 1995~2007년, 개발비용 2013년까지 수집",p.24,Table 2,yes,primary_benchmark_candidate,not_suitable_for_direct_company_gap,secondary,COST_DEC_01; COST_DEC_02; COST_DEC_03,"특정 회사의 현재 시점부터 남은 비용이 아니며, 단일 적응증 프로그램 비용도 아니다. 임상시험 1건의 비용도 아니며, P3는 다수의 대규모 시험을 포함할 수 있다. 보고 시점에 해당 단계를 진행 중인 화합물 5개가 존재한다. mean > median이므로 오른쪽 치우침을 시사한다. 다만 분포 모양, 고비용 자산의 비중, 어느 통계량이 더 현실적인지는 본문만으로 확정하지 않는다.",저자들은 mean과 median 중 preferred benchmark를 지정하지 않았다. 논문의 기대비용 계산에는 mean을 사용한다. phase mean을 단순 합산해 clinical total cost로 만들지 않는다. 원문 Table 2의 Total은 expected cost 114.2뿐이다.,,industry_reference,,BRDPI,,,
DIMASI_C_0012,DiMasi 2016,P2,44.8,weighted_median,USD,million,2013.0,explicitly_reported,해당 단계에 진입한 investigational compound의 해당 단계 보고 현금지출 가중중앙값,investigational compound entering the phase,investigational compound 단위 / indication-specific development program 단위가 아님 / 단계 진입 자산 기준 / 중단 자산의 지출 포함 / long-term animal testing(기형발생성·발암성 등) 비용 포함 / 2013 constant USD / 민간부문 비용 / 내부 인건비·overhead·CMC 세부 포함 범위는 본문만으로 미확인 / 모달리티별 값 아님 / 질환군별 값 아님 / 현재 진행률 이후의 잔여비용이 아님,단계 도달확률은 미반영; 중단 자산의 실제 지출은 표본에 포함,no,78.0,"최초 인체투여 1995~2007년, 개발비용 2013년까지 수집",p.24,Table 2,yes,primary_benchmark_candidate,not_suitable_for_direct_company_gap,secondary,COST_DEC_01; COST_DEC_02; COST_DEC_03,"특정 회사의 현재 시점부터 남은 비용이 아니며, 단일 적응증 프로그램 비용도 아니다. 임상시험 1건의 비용도 아니며, P3는 다수의 대규모 시험을 포함할 수 있다. 보고 시점에 해당 단계를 진행 중인 화합물 5개가 존재한다. mean > median이므로 오른쪽 치우침을 시사한다. 다만 분포 모양, 고비용 자산의 비중, 어느 통계량이 더 현실적인지는 본문만으로 확정하지 않는다.",저자들은 mean과 median 중 preferred benchmark를 지정하지 않았다. 논문의 기대비용 계산에는 mean을 사용한다. phase mean을 단순 합산해 clinical total cost로 만들지 않는다. 원문 Table 2의 Total은 expected cost 114.2뿐이다.,,industry_reference,,BRDPI,,,
DIMASI_C_0013,DiMasi 2016,P3,200.0,weighted_median,USD,million,2013.0,explicitly_reported,해당 단계에 진입한 investigational compound의 해당 단계 보고 현금지출 가중중앙값,investigational compound entering the phase,investigational compound 단위 / indication-specific development program 단위가 아님 / 단계 진입 자산 기준 / 중단 자산의 지출 포함 / long-term animal testing(기형발생성·발암성 등) 비용 포함 / 2013 constant USD / 민간부문 비용 / 내부 인건비·overhead·CMC 세부 포함 범위는 본문만으로 미확인 / 모달리티별 값 아님 / 질환군별 값 아님 / 현재 진행률 이후의 잔여비용이 아님,단계 도달확률은 미반영; 중단 자산의 실제 지출은 표본에 포함,no,42.0,"최초 인체투여 1995~2007년, 개발비용 2013년까지 수집",p.24,Table 2,yes,primary_benchmark_candidate,not_suitable_for_direct_company_gap,secondary,COST_DEC_01; COST_DEC_02; COST_DEC_03,"특정 회사의 현재 시점부터 남은 비용이 아니며, 단일 적응증 프로그램 비용도 아니다. 임상시험 1건의 비용도 아니며, P3는 다수의 대규모 시험을 포함할 수 있다. 보고 시점에 해당 단계를 진행 중인 화합물 5개가 존재한다. mean > median이므로 오른쪽 치우침을 시사한다. 다만 분포 모양, 고비용 자산의 비중, 어느 통계량이 더 현실적인지는 본문만으로 확정하지 않는다.",저자들은 mean과 median 중 preferred benchmark를 지정하지 않았다. 논문의 기대비용 계산에는 mean을 사용한다. phase mean을 단순 합산해 clinical total cost로 만들지 않는다. 원문 Table 2의 Total은 expected cost 114.2뿐이다.,,industry_reference,,BRDPI,,,
DIMASI_C_0021,DiMasi 2016,P1,25.3,expected,USD,million,2013.0,explicitly_reported,"P1 진입 자산 1개를 기준으로, 해당 단계에 도달할 확률을 mean phase cost에 반영한 기대지출",P1 진입 investigational compound 1개,investigational compound 단위 / indication-specific development program 단위가 아님 / 단계 진입 자산 기준 / 중단 자산의 지출 포함 / long-term animal testing(기형발생성·발암성 등) 비용 포함 / 2013 constant USD / 민간부문 비용 / 내부 인건비·overhead·CMC 세부 포함 범위는 본문만으로 미확인 / 모달리티별 값 아님 / 질환군별 값 아님 / 현재 진행률 이후의 잔여비용이 아님,P1 진입 기준 단계 도달확률이 이미 반영됨,no,97.0,"최초 인체투여 1995~2007년, 개발비용 2013년까지 수집",p.24,Table 2,yes,reference_only,not_suitable,no,없음,이미 확률이 반영된 값이므로 성공확률을 다시 곱하지 않는다. 현재 해당 단계에 있는 자산의 단계비용으로 사용하지 않는다. P1 진입확률이 100%이므로 mean과 수치가 같지만 통계량 정의는 구분해 보존한다.,,,industry_reference,,BRDPI,,,
DIMASI_C_0022,DiMasi 2016,P2,34.9,expected,USD,million,2013.0,explicitly_reported,"P1 진입 자산 1개를 기준으로, 해당 단계에 도달할 확률을 mean phase cost에 반영한 기대지출",P1 진입 investigational compound 1개,investigational compound 단위 / indication-specific development program 단위가 아님 / 단계 진입 자산 기준 / 중단 자산의 지출 포함 / long-term animal testing(기형발생성·발암성 등) 비용 포함 / 2013 constant USD / 민간부문 비용 / 내부 인건비·overhead·CMC 세부 포함 범위는 본문만으로 미확인 / 모달리티별 값 아님 / 질환군별 값 아님 / 현재 진행률 이후의 잔여비용이 아님,P1 진입 기준 단계 도달확률이 이미 반영됨,no,78.0,"최초 인체투여 1995~2007년, 개발비용 2013년까지 수집",p.24,Table 2,yes,reference_only,not_suitable,no,없음,"이미 확률이 반영된 값이므로 성공확률을 다시 곱하지 않는다. 현재 해당 단계에 있는 자산의 단계비용으로 사용하지 않는다. 현재 P2 자산의 비용이 아니다. 이미 P2에 진입한 자산의 benchmark는 mean 58.6 또는 median 44.8이며, 58.6 또한 회사별 잔여 필요자금은 아니다.",,,industry_reference,,BRDPI,,,
DIMASI_C_0023,DiMasi 2016,P3,54.0,expected,USD,million,2013.0,explicitly_reported,"P1 진입 자산 1개를 기준으로, 해당 단계에 도달할 확률을 mean phase cost에 반영한 기대지출",P1 진입 investigational compound 1개,investigational compound 단위 / indication-specific development program 단위가 아님 / 단계 진입 자산 기준 / 중단 자산의 지출 포함 / long-term animal testing(기형발생성·발암성 등) 비용 포함 / 2013 constant USD / 민간부문 비용 / 내부 인건비·overhead·CMC 세부 포함 범위는 본문만으로 미확인 / 모달리티별 값 아님 / 질환군별 값 아님 / 현재 진행률 이후의 잔여비용이 아님,P1 진입 기준 단계 도달확률이 이미 반영됨,no,42.0,"최초 인체투여 1995~2007년, 개발비용 2013년까지 수집",p.24,Table 2,yes,reference_only,not_suitable,no,없음,"이미 확률이 반영된 값이므로 성공확률을 다시 곱하지 않는다. 현재 해당 단계에 있는 자산의 단계비용으로 사용하지 않는다. 표에 표시된 반올림 진입확률(21.1%)로는 53.9가 되며, Figure 1의 정밀 전환확률로 54.0이 재현된다. 원문 표시값 54.0을 유지한다.",,,industry_reference,,BRDPI,,,
DIMASI_C_0024,DiMasi 2016,P1–P3 total,114.2,expected,USD,million,2013.0,explicitly_reported,"P1 진입 자산 1개를 기준으로, 해당 단계에 도달할 확률을 mean phase cost에 반영한 기대지출",P1 진입 investigational compound 1개,investigational compound 단위 / indication-specific development program 단위가 아님 / 단계 진입 자산 기준 / 중단 자산의 지출 포함 / long-term animal testing(기형발생성·발암성 등) 비용 포함 / 2013 constant USD / 민간부문 비용 / 내부 인건비·overhead·CMC 세부 포함 범위는 본문만으로 미확인 / 모달리티별 값 아님 / 질환군별 값 아님 / 현재 진행률 이후의 잔여비용이 아님,P1 진입 기준 단계 도달확률이 이미 반영됨,no,,"최초 인체투여 1995~2007년, 개발비용 2013년까지 수집",p.24,Table 2,yes,reference_only,not_suitable,no,없음,"이미 확률이 반영된 값이므로 성공확률을 다시 곱하지 않는다. 현재 해당 단계에 있는 자산의 단계비용으로 사용하지 않는다. P1 진입 화합물당 임상기간 기대지출의 합계이며, 원문 Table 2의 Total은 이 값뿐이다. mean·median의 총계는 원문에 제시되어 있지 않다.",,,industry_reference,,BRDPI,,,
DIMASI_C_0031,DiMasi 2016,P1,49.6,capitalized_mean,USD,million,2013.0,explicitly_reported,out-of-pocket 지출에 10.5% real cost of capital을 적용해 marketing approval 시점까지 자본화한 값,investigational compound entering the phase,investigational compound 단위 / indication-specific development program 단위가 아님 / 단계 진입 자산 기준 / 중단 자산의 지출 포함 / long-term animal testing(기형발생성·발암성 등) 비용 포함 / 2013 constant USD / 민간부문 비용 / 내부 인건비·overhead·CMC 세부 포함 범위는 본문만으로 미확인 / 모달리티별 값 아님 / 질환군별 값 아님 / 현재 진행률 이후의 잔여비용이 아님,단계 도달확률 미반영; 자본화만 적용,yes,,"최초 인체투여 1995~2007년, 개발비용 2013년까지 수집",,Table 4,yes,reference_only,not_suitable,no,없음,"자본 기회비용을 포함하므로 실제 cash expenditure가 아니다. 현금 gap 입력에 사용하지 않는다. 동일 기준시점·할인율로의 환산 자체가 항상 이중계산인 것은 아니지만, 실제 지출처럼 넣거나 중복 가산하면 안 된다.",,,industry_reference,,BRDPI,,,
DIMASI_C_0032,DiMasi 2016,P2,95.3,capitalized_mean,USD,million,2013.0,explicitly_reported,out-of-pocket 지출에 10.5% real cost of capital을 적용해 marketing approval 시점까지 자본화한 값,investigational compound entering the phase,investigational compound 단위 / indication-specific development program 단위가 아님 / 단계 진입 자산 기준 / 중단 자산의 지출 포함 / long-term animal testing(기형발생성·발암성 등) 비용 포함 / 2013 constant USD / 민간부문 비용 / 내부 인건비·overhead·CMC 세부 포함 범위는 본문만으로 미확인 / 모달리티별 값 아님 / 질환군별 값 아님 / 현재 진행률 이후의 잔여비용이 아님,단계 도달확률 미반영; 자본화만 적용,yes,,"최초 인체투여 1995~2007년, 개발비용 2013년까지 수집",,Table 4,yes,reference_only,not_suitable,no,없음,"자본 기회비용을 포함하므로 실제 cash expenditure가 아니다. 현금 gap 입력에 사용하지 않는다. 동일 기준시점·할인율로의 환산 자체가 항상 이중계산인 것은 아니지만, 실제 지출처럼 넣거나 중복 가산하면 안 된다.",,,industry_reference,,BRDPI,,,
DIMASI_C_0033,DiMasi 2016,P3,314.0,capitalized_mean,USD,million,2013.0,explicitly_reported,out-of-pocket 지출에 10.5% real cost of capital을 적용해 marketing approval 시점까지 자본화한 값,investigational compound entering the phase,investigational compound 단위 / indication-specific development program 단위가 아님 / 단계 진입 자산 기준 / 중단 자산의 지출 포함 / long-term animal testing(기형발생성·발암성 등) 비용 포함 / 2013 constant USD / 민간부문 비용 / 내부 인건비·overhead·CMC 세부 포함 범위는 본문만으로 미확인 / 모달리티별 값 아님 / 질환군별 값 아님 / 현재 진행률 이후의 잔여비용이 아님,단계 도달확률 미반영; 자본화만 적용,yes,,"최초 인체투여 1995~2007년, 개발비용 2013년까지 수집",,Table 4,yes,reference_only,not_suitable,no,없음,"자본 기회비용을 포함하므로 실제 cash expenditure가 아니다. 현금 gap 입력에 사용하지 않는다. 동일 기준시점·할인율로의 환산 자체가 항상 이중계산인 것은 아니지만, 실제 지출처럼 넣거나 중복 가산하면 안 된다.",,,industry_reference,,BRDPI,,,
DIMASI_C_0041,DiMasi 2016,P1,49.6,capitalized_expected,USD,million,2013.0,explicitly_reported,out-of-pocket 지출에 10.5% real cost of capital을 적용해 marketing approval 시점까지 자본화한 값,P1 진입 investigational compound 1개,investigational compound 단위 / indication-specific development program 단위가 아님 / 단계 진입 자산 기준 / 중단 자산의 지출 포함 / long-term animal testing(기형발생성·발암성 등) 비용 포함 / 2013 constant USD / 민간부문 비용 / 내부 인건비·overhead·CMC 세부 포함 범위는 본문만으로 미확인 / 모달리티별 값 아님 / 질환군별 값 아님 / 현재 진행률 이후의 잔여비용이 아님,P1 진입 기준 단계 도달확률이 이미 반영됨,yes,,"최초 인체투여 1995~2007년, 개발비용 2013년까지 수집",,Table 4,yes,reference_only,not_suitable,no,없음,"자본 기회비용을 포함하므로 실제 cash expenditure가 아니다. 현금 gap 입력에 사용하지 않는다. 동일 기준시점·할인율로의 환산 자체가 항상 이중계산인 것은 아니지만, 실제 지출처럼 넣거나 중복 가산하면 안 된다.",,,industry_reference,,BRDPI,,,
DIMASI_C_0042,DiMasi 2016,P2,56.7,capitalized_expected,USD,million,2013.0,explicitly_reported,out-of-pocket 지출에 10.5% real cost of capital을 적용해 marketing approval 시점까지 자본화한 값,P1 진입 investigational compound 1개,investigational compound 단위 / indication-specific development program 단위가 아님 / 단계 진입 자산 기준 / 중단 자산의 지출 포함 / long-term animal testing(기형발생성·발암성 등) 비용 포함 / 2013 constant USD / 민간부문 비용 / 내부 인건비·overhead·CMC 세부 포함 범위는 본문만으로 미확인 / 모달리티별 값 아님 / 질환군별 값 아님 / 현재 진행률 이후의 잔여비용이 아님,P1 진입 기준 단계 도달확률이 이미 반영됨,yes,,"최초 인체투여 1995~2007년, 개발비용 2013년까지 수집",,Table 4,yes,reference_only,not_suitable,no,없음,"자본 기회비용을 포함하므로 실제 cash expenditure가 아니다. 현금 gap 입력에 사용하지 않는다. 동일 기준시점·할인율로의 환산 자체가 항상 이중계산인 것은 아니지만, 실제 지출처럼 넣거나 중복 가산하면 안 된다.",,,industry_reference,,BRDPI,,,
DIMASI_C_0043,DiMasi 2016,P3,66.4,capitalized_expected,USD,million,2013.0,explicitly_reported,out-of-pocket 지출에 10.5% real cost of capital을 적용해 marketing approval 시점까지 자본화한 값,P1 진입 investigational compound 1개,investigational compound 단위 / indication-specific development program 단위가 아님 / 단계 진입 자산 기준 / 중단 자산의 지출 포함 / long-term animal testing(기형발생성·발암성 등) 비용 포함 / 2013 constant USD / 민간부문 비용 / 내부 인건비·overhead·CMC 세부 포함 범위는 본문만으로 미확인 / 모달리티별 값 아님 / 질환군별 값 아님 / 현재 진행률 이후의 잔여비용이 아님,P1 진입 기준 단계 도달확률이 이미 반영됨,yes,,"최초 인체투여 1995~2007년, 개발비용 2013년까지 수집",,Table 4,yes,reference_only,not_suitable,no,없음,"자본 기회비용을 포함하므로 실제 cash expenditure가 아니다. 현금 gap 입력에 사용하지 않는다. 동일 기준시점·할인율로의 환산 자체가 항상 이중계산인 것은 아니지만, 실제 지출처럼 넣거나 중복 가산하면 안 된다.",,,industry_reference,,BRDPI,,,
DIMASI_C_0044,DiMasi 2016,P1–P3 total,172.7,capitalized_expected,USD,million,2013.0,explicitly_reported,out-of-pocket 지출에 10.5% real cost of capital을 적용해 marketing approval 시점까지 자본화한 값,P1 진입 investigational compound 1개,investigational compound 단위 / indication-specific development program 단위가 아님 / 단계 진입 자산 기준 / 중단 자산의 지출 포함 / long-term animal testing(기형발생성·발암성 등) 비용 포함 / 2013 constant USD / 민간부문 비용 / 내부 인건비·overhead·CMC 세부 포함 범위는 본문만으로 미확인 / 모달리티별 값 아님 / 질환군별 값 아님 / 현재 진행률 이후의 잔여비용이 아님,P1 진입 기준 단계 도달확률이 이미 반영됨,yes,,"최초 인체투여 1995~2007년, 개발비용 2013년까지 수집",,Table 4,yes,reference_only,not_suitable,no,없음,"자본 기회비용을 포함하므로 실제 cash expenditure가 아니다. 현금 gap 입력에 사용하지 않는다. 동일 기준시점·할인율로의 환산 자체가 항상 이중계산인 것은 아니지만, 실제 지출처럼 넣거나 중복 가산하면 안 된다.",,,industry_reference,,BRDPI,,,
DIMASI_C_0051,DiMasi 2016,Clinical (승인약 1개당),965.0,per_approved_drug_out_of_pocket,USD,million,2013.0,explicitly_reported,실패한 자산의 지출까지 승인약 1개에 귀속한 산업 R&D 비용,승인약 1개,investigational compound 단위 / indication-specific development program 단위가 아님 / 단계 진입 자산 기준 / 중단 자산의 지출 포함 / long-term animal testing(기형발생성·발암성 등) 비용 포함 / 2013 constant USD / 민간부문 비용 / 내부 인건비·overhead·CMC 세부 포함 범위는 본문만으로 미확인 / 모달리티별 값 아님 / 질환군별 값 아님 / 현재 진행률 이후의 잔여비용이 아님,전체 임상승인 성공률로 나누어 실패 자산의 지출을 승인약 1개에 귀속,no,,"최초 인체투여 1995~2007년, 개발비용 2013년까지 수집","p.25, §5.4",Table/Fig.2,yes,reference_only,not_suitable,no,없음,"특정 회사가 조달해야 할 금액이 아니다. 임상기간 비용은 P1 진입 화합물당 기대비용을 전체 임상승인 성공률 11.83%로 나눈 구조이며, 회사별 단계 잔여자금 입력에 사용하지 않는다.",,,industry_reference,,BRDPI,,,
DIMASI_C_0052,DiMasi 2016,Clinical (승인약 1개당),1460.0,per_approved_drug_capitalized,USD,million,2013.0,explicitly_reported,실패한 자산의 지출까지 승인약 1개에 귀속한 산업 R&D 비용,승인약 1개,investigational compound 단위 / indication-specific development program 단위가 아님 / 단계 진입 자산 기준 / 중단 자산의 지출 포함 / long-term animal testing(기형발생성·발암성 등) 비용 포함 / 2013 constant USD / 민간부문 비용 / 내부 인건비·overhead·CMC 세부 포함 범위는 본문만으로 미확인 / 모달리티별 값 아님 / 질환군별 값 아님 / 현재 진행률 이후의 잔여비용이 아님,전체 임상승인 성공률로 나누어 실패 자산의 지출을 승인약 1개에 귀속,yes,,"최초 인체투여 1995~2007년, 개발비용 2013년까지 수집","p.25, §5.4",Table/Fig.2,yes,reference_only,not_suitable,no,없음,"특정 회사가 조달해야 할 금액이 아니다. 임상기간 비용은 P1 진입 화합물당 기대비용을 전체 임상승인 성공률 11.83%로 나눈 구조이며, 회사별 단계 잔여자금 입력에 사용하지 않는다.",,,industry_reference,,BRDPI,,,
DIMASI_C_0053,DiMasi 2016,Pre-human (승인약 1개당),430.0,per_approved_drug_out_of_pocket,USD,million,2013.0,explicitly_reported,실패한 자산의 지출까지 승인약 1개에 귀속한 산업 R&D 비용,승인약 1개,investigational compound 단위 / indication-specific development program 단위가 아님 / 단계 진입 자산 기준 / 중단 자산의 지출 포함 / long-term animal testing(기형발생성·발암성 등) 비용 포함 / 2013 constant USD / 민간부문 비용 / 내부 인건비·overhead·CMC 세부 포함 범위는 본문만으로 미확인 / 모달리티별 값 아님 / 질환군별 값 아님 / 현재 진행률 이후의 잔여비용이 아님,전체 임상승인 성공률로 나누어 실패 자산의 지출을 승인약 1개에 귀속,no,,"최초 인체투여 1995~2007년, 개발비용 2013년까지 수집","p.25, §5.5",Fig.2,yes,reference_only,not_suitable,no,없음,"특정 회사가 조달해야 할 금액이 아니다. 임상기간 비용은 P1 진입 화합물당 기대비용을 전체 임상승인 성공률 11.83%로 나눈 구조이며, 회사별 단계 잔여자금 입력에 사용하지 않는다. 기업의 집계 지출과 시차구조를 이용한 간접 추정치이다.",,,industry_reference,,BRDPI,,,
DIMASI_C_0054,DiMasi 2016,Pre-human (승인약 1개당),1098.0,per_approved_drug_capitalized,USD,million,2013.0,explicitly_reported,실패한 자산의 지출까지 승인약 1개에 귀속한 산업 R&D 비용,승인약 1개,investigational compound 단위 / indication-specific development program 단위가 아님 / 단계 진입 자산 기준 / 중단 자산의 지출 포함 / long-term animal testing(기형발생성·발암성 등) 비용 포함 / 2013 constant USD / 민간부문 비용 / 내부 인건비·overhead·CMC 세부 포함 범위는 본문만으로 미확인 / 모달리티별 값 아님 / 질환군별 값 아님 / 현재 진행률 이후의 잔여비용이 아님,전체 임상승인 성공률로 나누어 실패 자산의 지출을 승인약 1개에 귀속,yes,,"최초 인체투여 1995~2007년, 개발비용 2013년까지 수집","p.25, §5.5",Fig.2,yes,reference_only,not_suitable,no,없음,"특정 회사가 조달해야 할 금액이 아니다. 임상기간 비용은 P1 진입 화합물당 기대비용을 전체 임상승인 성공률 11.83%로 나눈 구조이며, 회사별 단계 잔여자금 입력에 사용하지 않는다. 기업의 집계 지출과 시차구조를 이용한 간접 추정치이다.",,,industry_reference,,BRDPI,,,
DIMASI_C_0055,DiMasi 2016,Total pre-approval (승인약 1개당),1395.0,per_approved_drug_out_of_pocket,USD,million,2013.0,explicitly_reported,실패한 자산의 지출까지 승인약 1개에 귀속한 산업 R&D 비용,승인약 1개,investigational compound 단위 / indication-specific development program 단위가 아님 / 단계 진입 자산 기준 / 중단 자산의 지출 포함 / long-term animal testing(기형발생성·발암성 등) 비용 포함 / 2013 constant USD / 민간부문 비용 / 내부 인건비·overhead·CMC 세부 포함 범위는 본문만으로 미확인 / 모달리티별 값 아님 / 질환군별 값 아님 / 현재 진행률 이후의 잔여비용이 아님,전체 임상승인 성공률로 나누어 실패 자산의 지출을 승인약 1개에 귀속,no,,"최초 인체투여 1995~2007년, 개발비용 2013년까지 수집","p.26, §5.6",Fig.2,yes,reference_only,not_suitable,no,없음,"특정 회사가 조달해야 할 금액이 아니다. 임상기간 비용은 P1 진입 화합물당 기대비용을 전체 임상승인 성공률 11.83%로 나눈 구조이며, 회사별 단계 잔여자금 입력에 사용하지 않는다.",,,industry_reference,,BRDPI,,,
DIMASI_C_0056,DiMasi 2016,Total pre-approval (승인약 1개당),2558.0,per_approved_drug_capitalized,USD,million,2013.0,explicitly_reported,실패한 자산의 지출까지 승인약 1개에 귀속한 산업 R&D 비용,승인약 1개,investigational compound 단위 / indication-specific development program 단위가 아님 / 단계 진입 자산 기준 / 중단 자산의 지출 포함 / long-term animal testing(기형발생성·발암성 등) 비용 포함 / 2013 constant USD / 민간부문 비용 / 내부 인건비·overhead·CMC 세부 포함 범위는 본문만으로 미확인 / 모달리티별 값 아님 / 질환군별 값 아님 / 현재 진행률 이후의 잔여비용이 아님,전체 임상승인 성공률로 나누어 실패 자산의 지출을 승인약 1개에 귀속,yes,,"최초 인체투여 1995~2007년, 개발비용 2013년까지 수집","p.26, §5.6",Fig.2,yes,reference_only,not_suitable,no,없음,"특정 회사가 조달해야 할 금액이 아니다. 임상기간 비용은 P1 진입 화합물당 기대비용을 전체 임상승인 성공률 11.83%로 나눈 구조이며, 회사별 단계 잔여자금 입력에 사용하지 않는다.",,,industry_reference,,BRDPI,,,
DIMASI_C_0057,DiMasi 2016,Lifecycle (승인약 1개당),1861.0,per_approved_drug_out_of_pocket,USD,million,2013.0,explicitly_reported,실패한 자산의 지출까지 승인약 1개에 귀속한 산업 R&D 비용,승인약 1개,investigational compound 단위 / indication-specific development program 단위가 아님 / 단계 진입 자산 기준 / 중단 자산의 지출 포함 / long-term animal testing(기형발생성·발암성 등) 비용 포함 / 2013 constant USD / 민간부문 비용 / 내부 인건비·overhead·CMC 세부 포함 범위는 본문만으로 미확인 / 모달리티별 값 아님 / 질환군별 값 아님 / 현재 진행률 이후의 잔여비용이 아님,전체 임상승인 성공률로 나누어 실패 자산의 지출을 승인약 1개에 귀속,no,,"최초 인체투여 1995~2007년, 개발비용 2013년까지 수집","p.31, §8",,yes,reference_only,not_suitable,no,없음,"특정 회사가 조달해야 할 금액이 아니다. 임상기간 비용은 P1 진입 화합물당 기대비용을 전체 임상승인 성공률 11.83%로 나눈 구조이며, 회사별 단계 잔여자금 입력에 사용하지 않는다. 승인 후 R&D 비용 466을 더한 값이다.",,,industry_reference,,BRDPI,,,
DIMASI_C_0058,DiMasi 2016,Lifecycle (승인약 1개당),2870.0,per_approved_drug_capitalized,USD,million,2013.0,explicitly_reported,실패한 자산의 지출까지 승인약 1개에 귀속한 산업 R&D 비용,승인약 1개,investigational compound 단위 / indication-specific development program 단위가 아님 / 단계 진입 자산 기준 / 중단 자산의 지출 포함 / long-term animal testing(기형발생성·발암성 등) 비용 포함 / 2013 constant USD / 민간부문 비용 / 내부 인건비·overhead·CMC 세부 포함 범위는 본문만으로 미확인 / 모달리티별 값 아님 / 질환군별 값 아님 / 현재 진행률 이후의 잔여비용이 아님,전체 임상승인 성공률로 나누어 실패 자산의 지출을 승인약 1개에 귀속,yes,,"최초 인체투여 1995~2007년, 개발비용 2013년까지 수집","p.31, §8",,yes,reference_only,not_suitable,no,없음,"특정 회사가 조달해야 할 금액이 아니다. 임상기간 비용은 P1 진입 화합물당 기대비용을 전체 임상승인 성공률 11.83%로 나눈 구조이며, 회사별 단계 잔여자금 입력에 사용하지 않는다. 승인 후 R&D 비용을 허가 시점으로 할인한 312를 더한 값이다.",,,industry_reference,,BRDPI,,,
