번호,상태,결정 사항,문제,왜 검증으로 해결되지 않는가,가능한 운영안 (검토 당시 목록),결정
1,decided (대표 결정 완료 2026-09-21),Monoclonal antibody → BUYO antibody 연결 방식,"BIO가 제공하는 값은 '단클론항체'의 값이다(P2→P3 34.1%, n=740 / P2→승인 22.1%, n=1,332). BUYO의 antibody가 이중항체·항체절편·Fc 융합단백질까지 포함하는 넓은 범주라면 같은 모집단이 아니다.","BIO PDF는 단클론항체 분류에 어떤 항체 유형을 포함하거나 제외했는지 목록을 제공하지 않는다. 원문을 다시 읽어도 포함 규칙이 나오지 않으므로, BUYO 쪽 범주 정의를 정해야만 연결 여부가 결정된다.",(가) BUYO antibody를 단클론항체로 좁게 정의하고 direct로 승격한다. (나) antibody는 넓게 두되 하위 태그 antibody_mAb를 만들어 그 태그에만 연결한다. (다) 현재대로 limited로 두고 화면에 '단클론항체 기준' 문구를 함께 노출한다.,"(나) 채택. BUYO antibody 아래에 하위 태그 antibody_mAb를 신설하고, BIO Monoclonal antibody 행은 antibody_mAb에만 연결해 mapping_status를 direct로 승격한다. 상위 antibody(이중항체·항체절편·Fc 융합단백질 포함)는 값 미확보로 둔다. 사용자 입력 화면에 항체 유형 선택 항목을 추가한다."
2,decided (대표 결정 완료 2026-09-21 · 태그 목록 확정 2026-09-22),CAR-T → BUYO cell_therapy 연결 방식,"CAR-T는 세포치료제의 한 하위유형이다. BIO CAR-T의 LOA는 17.3%(n=67)로 전체 평균의 두 배가 넘는다. 이 값을 cell_therapy 전체의 기본값으로 쓰면 CAR-T가 아닌 세포치료제에도 낙관적인 확률이 붙는다. 게다가 P3 n=3, 승인 n=4로 표본이 매우 작다.","원문에는 CAR-T 이외의 세포치료제를 묶은 값이 없다. 검증으로 만들 수 있는 값이 아니라, '없는 칸을 비워 둘 것인가, 하위유형 값으로 대신할 것인가'라는 운영 판단이다.","(가) cell_therapy는 미확보로 비워 두고, 입력이 CAR-T일 때만 이 값을 보여 준다. (나) cell_therapy 하위 태그 cell_CART를 만들어 저장한다. (다) cell_therapy 기본값으로 쓰되 화면에 'CAR-T 기준, 소표본' 배지를 강제한다.",(나) 확장 채택. cell_therapy 아래 하위 태그 8개로 확정: cell_CART / cell_TCRT / cell_NK / cell_MSC / cell_iPSC / cell_somatic / cell_DC_CIK / cell_other. 경계 규칙: CAR-NK는 cell_NK로 분류한다. 체외에서 유전자를 교정·도입한 조혈모세포는 세포치료제로 보고 cell_other에 넣으며 정의 문장에 명시한다. TIL은 cell_DC_CIK(기타 면역세포)에 넣는다. BIO CAR-T 값은 cell_CART에만 연결하고 소표본 배지를 유지한다. CAR-T 외 7개 태그는 value_status=미확보(출처 탐색 중)로 표시한다. 태그가 없으면 입력 자체가 불가능하므로 값이 없어도 태그는 먼저 둔다.
3,decided (대표 결정 완료 2026-09-21),Wong CNS와 BIO Neurology·Psychiatry → BUYO 중추신경,"Wong은 CNS 하나로 제공하고(P1→승인 15.0%), BIO는 Neurology(5.9%)와 Psychiatry(7.3%)로 나누어 제공한다. BUYO 중추신경이 정신질환을 포함하는지에 따라 어느 값을 써야 하는지가 달라진다. 기간도 마찬가지로 분리 제공된다.","Wong의 CNS에 어떤 적응증이 들어갔는지 원문이 밝히지 않았고, BIO에는 두 범주를 합친 직접값이 없다. 두 범주를 합산 추정하는 것은 기술적으로 가능하지만 그 결과는 원문값이 아니라 새로 계산한 값이 된다.","(가) BUYO 중추신경을 신경질환으로 좁게 정의하고 BIO Neurology를 쓴다. (나) 중추신경을 신경·정신 통합으로 정의하고 Wong CNS를 참고값으로, BIO는 두 행을 함께 보여 준다. (다) 질환군을 중추신경(신경)과 중추신경(정신)으로 분리한다.","(다) 채택. 질환군을 중추신경(신경)과 중추신경(정신)으로 분리한다. 신경은 BIO Neurology, 정신은 BIO Psychiatry를 연결하고, Wong CNS는 두 분류를 합친 참고값으로 상세 근거에 둔다. 두 범주를 합산한 새 값은 만들지 않는다. 기존 행 재분류는 4번과 함께 질환군 목록 개정 시 일괄 반영한다. [2026-09-22] 반영 시점: 9/24 v0.5에 포함. Wong CNS 5행은 중추신경(신경)·중추신경(정신) 두 카드 모두의 상세 근거로 연결한다(행에 두 질환군 표기)."
4,decided (대표 결정 완료 2026-09-19),Metabolic/Endocrinology와 Cardiovascular를 '대사·심혈관' 한 분류로 운영하는 방식,"두 출처 모두 대사와 심혈관을 별도로 제공하며, 값의 차이가 작지 않다. BIO P2→승인은 Metabolic 25.0%, Cardiovascular 9.6%다. 한 분류로 묶으면 화면에 어느 값을 내보낼지 정할 수 없다. BIO의 Endocrine(15.2%)을 여기에 포함할지도 미정이다.","원문에 통합 모집단의 값이 없다. 가중평균을 계산하려면 통합 범위와 단계별 건수를 정해야 하는데, 그것은 원문 확인이 아니라 BUYO의 분류 설계 결정이다.",(가) 질환군을 대사·내분비와 심혈관으로 분리한다(현재 6개 → 7개). (나) 한 분류를 유지하되 화면에 두 행을 나란히 보여 준다. (다) 적응증 코드 단위로 어느 쪽 값을 쓸지 매핑 규칙을 만든다.,"대사·심혈관을 하나로 묶지 않고 metabolic/endocrine과 cardiovascular를 별도 질환군으로 운영하는 방향으로 결정. 기존 마스터 데이터 행은 이번에 임의 재분류하지 않고, 결정 로그에 먼저 기록한 뒤 질환군 목록 개정과 함께 반영한다. [2026-09-22] 반영 시점: 9/24 v0.5에 포함. BIO Endocrine 귀속: 대사·내분비에 포함. 대사·내분비 확률 카드의 기본값은 Wong Metabolic/Endocrinology(분류 범위가 질환군과 같음, E#7 ""BIO 미제공 분류"" 규칙), BIO Metabolic·Endocrine은 상세 근거에 병기. 기간 카드는 Wong 질환군별 기간이 없으므로 사용자 적응증이 내분비 질환이면 BIO Endocrine, 그 외는 BIO Metabolic을 기본값으로 쓴다."
5,decided_partial (rare 결정 완료 2026-09-21 · '유전' 축 보류),rare/orphan과 BUYO '희귀·유전'의 관계,"BIO의 희귀질환 값(P1→승인 17.0%)은 항암을 전부 제외한 값이고 기준은 미국 20만 명 미만 또는 EU 1/2,000이다. Wong의 orphan 값은 항암 포함 6.2%, 항암 제외 13.6%로 크게 다르다. 한편 BUYO 시연 케이스 선정 기준은 국내 환자 수 2만 명 이하이며, 어느 출처의 정의와도 같지 않다. 또한 희귀는 질환 빈도 축이고 유전은 원인 축이어서, 하나의 분류에 묶으면 검색 조건이 정의되지 않는다.","원문에는 '유전질환 전체'의 성공확률이 없고, 국내 기준으로 산출된 값도 없다. 희귀 항암을 항암으로 볼지 희귀로 볼지는 BUYO 6개 질환군을 겹치지 않게 운영하기 위한 규칙 문제다.","(가) 희귀·유전을 '비항암 희귀질환'으로 좁게 정의하고 BIO 17.0%를 direct로 승격한다. (나) 희귀 여부를 질환군이 아니라 별도 플래그(rare=Y/N)로 만들고, 질환군은 항암·중추신경 등으로 유지한다. (다) 현재대로 limited로 두고 화면에 '미국/EU 기준, 항암 제외' 문구를 강제한다.","(나) 채택 — 세부: [A1] rare 플래그 기준은 출처 기준(미국 환자 20만 명 미만 / EU 1/2,000)으로 둔다. 시연 케이스 기준(국내 2만 명)은 플래그 정의로 쓰지 않는다. [B2+(ㄱ)] rare=Y일 때 카드 기본값은 질환군 값을 유지하고 희귀 값은 둘째 줄에 표시한다. 희귀·비항암은 BIO 17.0%를 기본, Wong 항암 제외 13.6%를 병기한다. 희귀·항암은 BIO 값이 없으므로 Wong 항암 포함 6.2%를 표시한다. 질환군 값과 희귀 값은 서로 다른 모집단이므로 곱하거나 평균내지 않는다. [C] '유전' 축(genetic=Y/N 플래그 유지 vs 분류에서 제외)은 대표 보류. 어느 쪽이든 유전자치료(gene therapy)는 모달리티, 유전질환은 적응증 속성이라는 점을 스키마 설명에 명시한다. [D2] 기존 '희귀·유전' 매핑 행은 즉시 재분류하지 않고 질환군 목록 개정 시 일괄 반영한다. [2026-09-22] rare 플래그 반영 시점: 9/24 v0.5에 포함."
6,decided (대표 결정 완료 2026-09-21),BIO·Wong처럼 오래된 핵심 출처의 temporal validity 적용 방식,"내부 안내문은 유효기간을 '보통 발행 후 5년'으로 두고 있다. 이를 일률 적용하면 BIO 2021(2021년 2월 발행)은 2026년 2월에 경과했고, Wong 2019는 그보다 앞서 경과했다. 그러나 이 두 출처는 현재 임상 성공확률의 표준 참고문헌이고, 대체할 무료 1차 출처가 확보되어 있지 않다.","5년 규칙은 원문에 있는 것이 아니라 BUYO가 정한 운영 문구다. 원문을 다시 읽어도 만료일은 나오지 않는다. 또한 '출처를 직접 확인했는가'와 '언제까지 적용할 것인가'는 서로 다른 축이므로, 10/14의 임시→확인 승급 일정과도 분리해서 관리해야 한다.","(가) 기준을 발행연도가 아니라 데이터 기간으로 바꾼다(예: 데이터 종료 후 10년). (나) 출처 유형별로 유효기간을 다르게 둔다(법령·기준서는 짧게, 산업 벤치마크 보고서는 길게). (다) 5년을 유지하되 경과분은 삭제하지 않고 화면에 '데이터 기간 2011~2020' 표기를 붙여 노출한다.","(가) 채택 — 세부: [A] 유효기간 기준을 발행연도에서 '데이터 종료연도 후 15년'으로 변경한다(BIO 2021: 데이터 2020 → 2035년, Wong 2019: 데이터 2015 → 2030년). [B2] 데이터 기간이 원문에 없는 출처는 유효기간 판정을 보류하고 '데이터 기간 미보고' 배지만 붙인다. 배지는 표시 속성이며 source_verified·값은 변경하지 않는다. [C3] 기간 경과 출처는 삭제하지 않고 기본 화면에서 제외한 뒤 상세 근거에서만 표시한다. [D1] 비용 출처(Paul 2010, DiMasi 2016)는 이 규칙 적용 대상에서 제외하고 '산업 참고값'으로 별도 관리한다. '출처를 직접 확인했는가'(10/14 임시→확인 승급)와 '언제까지 적용할 것인가'는 별도 축으로 관리한다."
7,founder_opinion_recorded (대표 의견 갱신 2026-09-21 · 임상 데이터 담당 제안 후 최종 확정),여러 출처가 같은 조건에 서로 다른 값을 줄 때 화면 표시 규칙,"같은 조건에서 BIO와 Wong의 값이 크게 다르다. 전체 P2→P3는 28.9% 대 48.6%, 전체 P1→승인은 7.9% 대 13.8%다. 기간도 2상이 3.6년 대 2.9년이다. 같은 cumulative라도 BIO는 단계별 조건부의 곱이고 Wong은 경로에서 직접 산출한 값이어서 성격 자체가 다르다. 카드 한 장에 숫자 두 개를 그냥 나열하면 대표는 어느 쪽을 믿어야 할지 알 수 없다.",어느 값이 옳은지는 검증으로 정해지지 않는다. 두 값 모두 각자의 방법론 안에서 정확하다. 화면 설계와 기본값 규칙의 문제다.,"(가) 기본 출처를 하나 정하고(예: 모달리티 정보가 있는 BIO), 다른 출처는 '다른 방법론의 참고값'으로 접어 둔다. (나) 항상 두 행을 나란히 보여 주고 각 행에 계산방법·모집단·데이터기간을 함께 표시한다. (다) 범위로 표시한다(예: 2상→3상 29~49%). 단, 이 범위는 신뢰구간이 아니라는 문구가 필요하다.","대표 의견(최종 확정 아님): 기본 출처는 BIO 2021, Wong 2019는 보조 참고값. 표시 규칙 — BIO만 있거나 BIO가 우선인 조건에서는 Wong을 상세 근거에만 두고, Wong만 있거나 Wong이 우선인 조건에서는 Wong을 기본 화면에 표시한다. Wong 우선 조건 4가지: ① 희귀질환(orphan 항암 포함/제외 구분 제공) ② 개별 임상시험 1건의 기간(BIO 기간은 단계 개시 공시 간격이라 시험 1건 기간이 아님) ③ BIO 대비 낙관 상한 참고(예: 전체 2상→3상 28.9% 대 48.6%) ④ BIO에 해당 분류가 없는 경우. 선택 이유: 모달리티별 값이 BIO에만 있어 BUYO 입력값·하위 태그와 맞음, 데이터 기간이 더 최근(2011~2020), 단계별 조건부 확률과 누적 확률의 관계를 화면에서 설명하기 쉬움, 업계 인용 빈도가 높음. 임상 데이터 담당이 반대 근거를 제안하면 재검토한다."
8,decided (대표 결정 완료 2026-09-21),COST_DEC_01 — DiMasi 단계비용의 mean·median 중 화면 기본값 선택,DiMasi Table 2는 같은 표본에 대해 mean(P1 25.3 / P2 58.6 / P3 255.4)과 median(17.3 / 44.8 / 200.0)을 함께 보고한다. 화면 카드에는 하나의 숫자가 나가야 하므로 어느 통계량을 기본값으로 둘지 정해야 한다.,"두 값 모두 원문 직접값이고 저자들이 preferred benchmark를 지정하지 않았다. 논문이 기대비용 계산에 mean을 사용했다는 사실은 있으나, 이는 논문 내부 계산의 선택이지 BUYO 화면 기본값에 대한 권고가 아니다. 원문을 다시 읽어도 결정되지 않는다.","(가) mean을 기본값으로 두고 median을 함께 표시한다. (나) median을 기본값으로 두고 mean을 함께 표시한다. (다) 두 값을 항상 나란히 표시하고 기본값을 두지 않는다. 어느 안이든 'mean > median이므로 오른쪽 치우침을 시사한다'까지만 설명하고, 어느 쪽이 더 현실적이라고 쓰지 않는다.","(가) 채택. DiMasi Table 2 mean(P1 25.3 / P2 58.6 / P3 255.4)을 화면 기본값으로 두고 median(17.3 / 44.8 / 200.0)을 병기한다. 화면 설명은 'mean > median이므로 비용 분포가 오른쪽으로 치우쳐 있음'까지만 쓰고 어느 쪽이 더 현실적이라고 쓰지 않는다. D 시트 mean 행의 default_candidate를 pending_policy → default로, median 행을 → secondary로 갱신한다. 선택 이유: 재무 카드 목적(런웨이·조달 여력 진단)상 비용을 낮게 보여주는 쪽의 위험이 더 크고, 업계 인용값과 일치한다."
9,decided (대표 결정 완료 2026-09-21),COST_DEC_02 — 2013년 불변 달러 값의 현재가 표시 방식,"DiMasi Table 2·4의 값은 2013년 불변 달러다. 화면에 원문값 그대로 보여줄지, 물가를 반영한 현재 달러를 따로 계산해 보여줄지, 둘 다 병기할지 정해야 한다. Paul 값은 기준연도 자체가 원문에 없어 같은 방식으로 환산할 수 없다.","원문은 2013년 기준으로만 값을 제시한다. 현재가 환산은 어떤 물가지수를 쓸지, 어느 시점을 현재로 볼지에 따라 값이 달라지는 BUYO의 계산 규칙이며, 검증으로 정해지지 않는다.","(가) 원문값 그대로만 표시하고 '2013년 달러' 문구를 강제한다. (나) 환산값을 별도 필드로 계산해 병기하고 환산 근거를 함께 표시한다. (다) 화면은 환산값, 상세 근거는 원문값으로 보여 준다. 어느 안이든 마스터 데이터의 cost_value는 2013년 불변 달러 원문값으로 보존한다.","(다) 채택 — 세부: 화면에는 BRDPI(NIH Biomedical Research and Development Price Index)로 환산한 현재가를 표시하고, 상세 근거에는 2013년 불변 달러 원문값을 둔다. 환산 기준 시점은 매년 연초이며 1년마다 갱신한다. 화면의 환산값에는 * 표시를 붙여 상세 확인을 유도한다. 상세에는 원문값, 기준연도(2013), 사용 지수(BRDPI)와 적용 연도, 환산 배수, 갱신일을 모두 기록한다. 마스터 cost_value는 2013년 원문값으로 보존하고 환산값은 별도 필드(cost_value_current / conversion_index / conversion_base_date / conversion_factor / conversion_updated)로 관리한다. BRDPI 최신 연도가 연초 시점보다 늦게 발표되는 경우 최신 공개 연도까지만 환산하고 적용 연도를 상세에 명시한다. Paul 2010은 기준연도 미보고로 환산하지 않으며 원문값에 '기준연도 미보고' 배지를 붙인다."
10,decided (대표 결정 완료 2026-09-21),COST_DEC_03 — 재무 카드의 cash-gap 계산 방식,현재 확보한 산업 단계비용은 '해당 단계에 진입한 자산의 과거 benchmark'이며 '현재 회사의 진행 시점부터 다음 변곡점까지 남은 필요자금'이 아니다. 그런데 재무 카드는 '2상 완료까지 필요 자금'과 '갭'을 요구한다.,"회사별 잔여 필요자금을 구하려면 진행 상황, 이미 지출한 비용, 시험계획, 계약 구조, 회사가 부담하는 비용 범위가 필요하다. Paul·DiMasi 어느 쪽도 이 정보를 제공하지 않으므로, 학술 검증 결과만으로 자동 gap 계산 규칙을 정할 수 없다.","(가) 자동 gap 계산을 하지 않고 산업 benchmark만 보여 준다. (나) 사용자가 회사별 계획 비용을 입력했을 때만 gap을 계산하고, benchmark는 비교 참고로만 표시한다. (다) 산업 benchmark 기반 gap을 별도 참고 시나리오로 표시하되 회사 값과 구분되는 배지를 강제한다.","MVP(10/13)는 (가): 자동 gap 계산 없이 산업 벤치마크와 회사 현재 자금을 나란히 표시한다. 정식 버전은 (나): 사용자가 회사별 계획 비용(1차는 잔여 계획 비용 숫자 1개)을 입력했을 때만 gap을 계산하고 벤치마크는 비교 참고로 표시한다. MVP 재무 카드에는 '정식 버전에서는 회사별 계획 비용을 입력하면 잔여 필요자금과 갭이 계산됩니다' 안내 문구를 반드시 넣어, 벤치마크만 보이는 현재 상태가 임시임을 사용자에게 알린다. (다) 벤치마크 기반 자동 gap은 근거 없는 숫자를 만들므로 채택하지 않는다."
