record_id,source,source_subgroup,phase,from_phase,to_phase,duration_value,duration_min,duration_max,duration_value_type,statistic,unit,duration_definition,population,reported_n,n_type,data_period,source_page,source_figure_table,source_verified,benchmark_status,mapping_status,note,buyo_disease_group,duration_default_rule,rare_flag,oncology_scope,valid_until
BIO_B_0001,BIO 2021,All indications,P1→P2,P1,P2,2.3,,,single,average/mean,년,"약물–적응증 development program이 해당 단계를 성공적으로 통과한 전환 1건의 소요기간. 해당 단계 개시에 관한 공개 공시부터 다음 단계 개시에 관한 공개 공시까지이며, 마지막 구간은 신청·승인 사건에 대응한다. 한 단계에 여러 임상시험이 포함될 수 있고 반드시 순차적으로 진행되지 않는다. 개별 clinical trial 1건의 시작→종료 기간이 아니다.","company-sponsored, FDA 등록용 development program. 해당 단계의 성공(advanced) 전환만 포함하며 중단 프로그램의 기간은 제외된다.",2296.0,해당 단계의 기간 추정에 사용한 성공(advanced) 전환 건수 (successful/advanced transitions used for the phase duration estimate),2011-01-01~2020-11-30,p.25,Figure 17b,yes,direct,direct,"Wong의 시험 기간과는 관측 단위·통계량·시작과 종료 정의·분석 대상이 다르므로, 동일한 duration parameter로 통합하거나 서로 대체하지 않는다.",전체,,N,,2035-12
BIO_B_0002,BIO 2021,All indications,P2→P3,P2,P3,3.6,,,single,average/mean,년,"약물–적응증 development program이 해당 단계를 성공적으로 통과한 전환 1건의 소요기간. 해당 단계 개시에 관한 공개 공시부터 다음 단계 개시에 관한 공개 공시까지이며, 마지막 구간은 신청·승인 사건에 대응한다. 한 단계에 여러 임상시험이 포함될 수 있고 반드시 순차적으로 진행되지 않는다. 개별 clinical trial 1건의 시작→종료 기간이 아니다.","company-sponsored, FDA 등록용 development program. 해당 단계의 성공(advanced) 전환만 포함하며 중단 프로그램의 기간은 제외된다.",1424.0,해당 단계의 기간 추정에 사용한 성공(advanced) 전환 건수 (successful/advanced transitions used for the phase duration estimate),2011-01-01~2020-11-30,p.25,Figure 17b,yes,direct,direct,"Wong의 시험 기간과는 관측 단위·통계량·시작과 종료 정의·분석 대상이 다르므로, 동일한 duration parameter로 통합하거나 서로 대체하지 않는다.",전체,,N,,2035-12
BIO_B_0003,BIO 2021,All indications,P3→NDA/BLA,P3,NDA/BLA,3.3,,,single,average/mean,년,"약물–적응증 development program이 해당 단계를 성공적으로 통과한 전환 1건의 소요기간. 해당 단계 개시에 관한 공개 공시부터 다음 단계 개시에 관한 공개 공시까지이며, 마지막 구간은 신청·승인 사건에 대응한다. 한 단계에 여러 임상시험이 포함될 수 있고 반드시 순차적으로 진행되지 않는다. 개별 clinical trial 1건의 시작→종료 기간이 아니다.","company-sponsored, FDA 등록용 development program. 해당 단계의 성공(advanced) 전환만 포함하며 중단 프로그램의 기간은 제외된다.",1115.0,해당 단계의 기간 추정에 사용한 성공(advanced) 전환 건수 (successful/advanced transitions used for the phase duration estimate),2011-01-01~2020-11-30,p.25,Figure 17b,yes,direct,direct,"Wong의 시험 기간과는 관측 단위·통계량·시작과 종료 정의·분석 대상이 다르므로, 동일한 duration parameter로 통합하거나 서로 대체하지 않는다.",전체,,N,,2035-12
BIO_B_0004,BIO 2021,All indications,NDA/BLA→Approval,NDA/BLA,Approval,1.3,,,single,average/mean,년,"약물–적응증 development program이 해당 단계를 성공적으로 통과한 전환 1건의 소요기간. 해당 단계 개시에 관한 공개 공시부터 다음 단계 개시에 관한 공개 공시까지이며, 마지막 구간은 신청·승인 사건에 대응한다. 한 단계에 여러 임상시험이 포함될 수 있고 반드시 순차적으로 진행되지 않는다. 개별 clinical trial 1건의 시작→종료 기간이 아니다.","company-sponsored, FDA 등록용 development program. 해당 단계의 성공(advanced) 전환만 포함하며 중단 프로그램의 기간은 제외된다.",1316.0,해당 단계의 기간 추정에 사용한 성공(advanced) 전환 건수 (successful/advanced transitions used for the phase duration estimate),2011-01-01~2020-11-30,p.25,Figure 17b,yes,direct,direct,"Wong의 시험 기간과는 관측 단위·통계량·시작과 종료 정의·분석 대상이 다르므로, 동일한 duration parameter로 통합하거나 서로 대체하지 않는다.",전체,,N,,2035-12
BIO_B_0005,BIO 2021,All indications,P1→Approval 총기간 지표,,,10.5,,,sum_of_phase_means,단계별 성공 전환 평균 기간의 합,년,각 단계의 성공 전환 평균 기간을 합쳐 Figure 17a에 제시한 원문 총기간 지표. 동일한 program cohort의 P1→Approval 총기간을 직접 관측한 평균이 아니다. 표시된 단계값을 다시 합산해 이 값을 대체하지 않는다.,"company-sponsored, FDA 등록용 development program. 해당 단계의 성공(advanced) 전환만 포함하며 중단 프로그램의 기간은 제외된다.",,,2011-01-01~2020-11-30,p.24,Figure 17a,yes,limited,direct,"원문 Figure 17a의 표시값을 그대로 옮긴 값이다. 구성 단계값과 n의 출처는 p.25 Figure 17b로 구분한다. 원문이 고유 프로그램의 total-duration n을 제공하지 않으므로 reported_n은 비워 둔다. 전체 기간 분석에서 보고된 성공 전환 총 6,151건.",전체,,N,,2035-12
BIO_B_0006,BIO 2021,Oncology,P1→P2,P1,P2,2.7,,,single,average/mean,년,"약물–적응증 development program이 해당 단계를 성공적으로 통과한 전환 1건의 소요기간. 해당 단계 개시에 관한 공개 공시부터 다음 단계 개시에 관한 공개 공시까지이며, 마지막 구간은 신청·승인 사건에 대응한다. 한 단계에 여러 임상시험이 포함될 수 있고 반드시 순차적으로 진행되지 않는다. 개별 clinical trial 1건의 시작→종료 기간이 아니다.","company-sponsored, FDA 등록용 development program. 해당 단계의 성공(advanced) 전환만 포함하며 중단 프로그램의 기간은 제외된다.",795.0,해당 단계의 기간 추정에 사용한 성공(advanced) 전환 건수 (successful/advanced transitions used for the phase duration estimate),2011-01-01~2020-11-30,p.25,Figure 17b,yes,direct,direct,"Wong의 시험 기간과는 관측 단위·통계량·시작과 종료 정의·분석 대상이 다르므로, 동일한 duration parameter로 통합하거나 서로 대체하지 않는다.",항암,default,N,,2035-12
BIO_B_0007,BIO 2021,Oncology,P2→P3,P2,P3,3.7,,,single,average/mean,년,"약물–적응증 development program이 해당 단계를 성공적으로 통과한 전환 1건의 소요기간. 해당 단계 개시에 관한 공개 공시부터 다음 단계 개시에 관한 공개 공시까지이며, 마지막 구간은 신청·승인 사건에 대응한다. 한 단계에 여러 임상시험이 포함될 수 있고 반드시 순차적으로 진행되지 않는다. 개별 clinical trial 1건의 시작→종료 기간이 아니다.","company-sponsored, FDA 등록용 development program. 해당 단계의 성공(advanced) 전환만 포함하며 중단 프로그램의 기간은 제외된다.",426.0,해당 단계의 기간 추정에 사용한 성공(advanced) 전환 건수 (successful/advanced transitions used for the phase duration estimate),2011-01-01~2020-11-30,p.25,Figure 17b,yes,direct,direct,"Wong의 시험 기간과는 관측 단위·통계량·시작과 종료 정의·분석 대상이 다르므로, 동일한 duration parameter로 통합하거나 서로 대체하지 않는다.",항암,default,N,,2035-12
BIO_B_0008,BIO 2021,Oncology,P3→NDA/BLA,P3,NDA/BLA,3.1,,,single,average/mean,년,"약물–적응증 development program이 해당 단계를 성공적으로 통과한 전환 1건의 소요기간. 해당 단계 개시에 관한 공개 공시부터 다음 단계 개시에 관한 공개 공시까지이며, 마지막 구간은 신청·승인 사건에 대응한다. 한 단계에 여러 임상시험이 포함될 수 있고 반드시 순차적으로 진행되지 않는다. 개별 clinical trial 1건의 시작→종료 기간이 아니다.","company-sponsored, FDA 등록용 development program. 해당 단계의 성공(advanced) 전환만 포함하며 중단 프로그램의 기간은 제외된다.",236.0,해당 단계의 기간 추정에 사용한 성공(advanced) 전환 건수 (successful/advanced transitions used for the phase duration estimate),2011-01-01~2020-11-30,p.25,Figure 17b,yes,direct,direct,"Wong의 시험 기간과는 관측 단위·통계량·시작과 종료 정의·분석 대상이 다르므로, 동일한 duration parameter로 통합하거나 서로 대체하지 않는다.",항암,default,N,,2035-12
BIO_B_0009,BIO 2021,Oncology,NDA/BLA→Approval,NDA/BLA,Approval,0.8,,,single,average/mean,년,"약물–적응증 development program이 해당 단계를 성공적으로 통과한 전환 1건의 소요기간. 해당 단계 개시에 관한 공개 공시부터 다음 단계 개시에 관한 공개 공시까지이며, 마지막 구간은 신청·승인 사건에 대응한다. 한 단계에 여러 임상시험이 포함될 수 있고 반드시 순차적으로 진행되지 않는다. 개별 clinical trial 1건의 시작→종료 기간이 아니다.","company-sponsored, FDA 등록용 development program. 해당 단계의 성공(advanced) 전환만 포함하며 중단 프로그램의 기간은 제외된다.",298.0,해당 단계의 기간 추정에 사용한 성공(advanced) 전환 건수 (successful/advanced transitions used for the phase duration estimate),2011-01-01~2020-11-30,p.25,Figure 17b,yes,direct,direct,"Wong의 시험 기간과는 관측 단위·통계량·시작과 종료 정의·분석 대상이 다르므로, 동일한 duration parameter로 통합하거나 서로 대체하지 않는다.",항암,default,N,,2035-12
BIO_B_0010,BIO 2021,Oncology,P1→Approval 총기간 지표,,,10.3,,,sum_of_phase_means,단계별 성공 전환 평균 기간의 합,년,각 단계의 성공 전환 평균 기간을 합쳐 Figure 17a에 제시한 원문 총기간 지표. 동일한 program cohort의 P1→Approval 총기간을 직접 관측한 평균이 아니다. 표시된 단계값을 다시 합산해 이 값을 대체하지 않는다.,"company-sponsored, FDA 등록용 development program. 해당 단계의 성공(advanced) 전환만 포함하며 중단 프로그램의 기간은 제외된다.",,,2011-01-01~2020-11-30,p.24,Figure 17a,yes,limited,direct,원문 Figure 17a의 표시값을 그대로 옮긴 값이다. 구성 단계값과 n의 출처는 p.25 Figure 17b로 구분한다. 원문이 고유 프로그램의 total-duration n을 제공하지 않으므로 reported_n은 비워 둔다.,항암,default,N,,2035-12
BIO_B_0011,BIO 2021,Infectious disease,P1→P2,P1,P2,2.0,,,single,average/mean,년,"약물–적응증 development program이 해당 단계를 성공적으로 통과한 전환 1건의 소요기간. 해당 단계 개시에 관한 공개 공시부터 다음 단계 개시에 관한 공개 공시까지이며, 마지막 구간은 신청·승인 사건에 대응한다. 한 단계에 여러 임상시험이 포함될 수 있고 반드시 순차적으로 진행되지 않는다. 개별 clinical trial 1건의 시작→종료 기간이 아니다.","company-sponsored, FDA 등록용 development program. 해당 단계의 성공(advanced) 전환만 포함하며 중단 프로그램의 기간은 제외된다.",233.0,해당 단계의 기간 추정에 사용한 성공(advanced) 전환 건수 (successful/advanced transitions used for the phase duration estimate),2011-01-01~2020-11-30,p.25,Figure 17b,yes,direct,direct,"Wong의 시험 기간과는 관측 단위·통계량·시작과 종료 정의·분석 대상이 다르므로, 동일한 duration parameter로 통합하거나 서로 대체하지 않는다.",감염,default,N,,2035-12
BIO_B_0012,BIO 2021,Infectious disease,P2→P3,P2,P3,3.5,,,single,average/mean,년,"약물–적응증 development program이 해당 단계를 성공적으로 통과한 전환 1건의 소요기간. 해당 단계 개시에 관한 공개 공시부터 다음 단계 개시에 관한 공개 공시까지이며, 마지막 구간은 신청·승인 사건에 대응한다. 한 단계에 여러 임상시험이 포함될 수 있고 반드시 순차적으로 진행되지 않는다. 개별 clinical trial 1건의 시작→종료 기간이 아니다.","company-sponsored, FDA 등록용 development program. 해당 단계의 성공(advanced) 전환만 포함하며 중단 프로그램의 기간은 제외된다.",159.0,해당 단계의 기간 추정에 사용한 성공(advanced) 전환 건수 (successful/advanced transitions used for the phase duration estimate),2011-01-01~2020-11-30,p.25,Figure 17b,yes,direct,direct,"Wong의 시험 기간과는 관측 단위·통계량·시작과 종료 정의·분석 대상이 다르므로, 동일한 duration parameter로 통합하거나 서로 대체하지 않는다.",감염,default,N,,2035-12
BIO_B_0013,BIO 2021,Infectious disease,P3→NDA/BLA,P3,NDA/BLA,3.1,,,single,average/mean,년,"약물–적응증 development program이 해당 단계를 성공적으로 통과한 전환 1건의 소요기간. 해당 단계 개시에 관한 공개 공시부터 다음 단계 개시에 관한 공개 공시까지이며, 마지막 구간은 신청·승인 사건에 대응한다. 한 단계에 여러 임상시험이 포함될 수 있고 반드시 순차적으로 진행되지 않는다. 개별 clinical trial 1건의 시작→종료 기간이 아니다.","company-sponsored, FDA 등록용 development program. 해당 단계의 성공(advanced) 전환만 포함하며 중단 프로그램의 기간은 제외된다.",126.0,해당 단계의 기간 추정에 사용한 성공(advanced) 전환 건수 (successful/advanced transitions used for the phase duration estimate),2011-01-01~2020-11-30,p.25,Figure 17b,yes,direct,direct,"Wong의 시험 기간과는 관측 단위·통계량·시작과 종료 정의·분석 대상이 다르므로, 동일한 duration parameter로 통합하거나 서로 대체하지 않는다.",감염,default,N,,2035-12
BIO_B_0014,BIO 2021,Infectious disease,NDA/BLA→Approval,NDA/BLA,Approval,1.2,,,single,average/mean,년,"약물–적응증 development program이 해당 단계를 성공적으로 통과한 전환 1건의 소요기간. 해당 단계 개시에 관한 공개 공시부터 다음 단계 개시에 관한 공개 공시까지이며, 마지막 구간은 신청·승인 사건에 대응한다. 한 단계에 여러 임상시험이 포함될 수 있고 반드시 순차적으로 진행되지 않는다. 개별 clinical trial 1건의 시작→종료 기간이 아니다.","company-sponsored, FDA 등록용 development program. 해당 단계의 성공(advanced) 전환만 포함하며 중단 프로그램의 기간은 제외된다.",145.0,해당 단계의 기간 추정에 사용한 성공(advanced) 전환 건수 (successful/advanced transitions used for the phase duration estimate),2011-01-01~2020-11-30,p.25,Figure 17b,yes,direct,direct,"Wong의 시험 기간과는 관측 단위·통계량·시작과 종료 정의·분석 대상이 다르므로, 동일한 duration parameter로 통합하거나 서로 대체하지 않는다.",감염,default,N,,2035-12
BIO_B_0015,BIO 2021,Infectious disease,P1→Approval 총기간 지표,,,9.7,,,sum_of_phase_means,단계별 성공 전환 평균 기간의 합,년,각 단계의 성공 전환 평균 기간을 합쳐 Figure 17a에 제시한 원문 총기간 지표. 동일한 program cohort의 P1→Approval 총기간을 직접 관측한 평균이 아니다. 표시된 단계값을 다시 합산해 이 값을 대체하지 않는다.,"company-sponsored, FDA 등록용 development program. 해당 단계의 성공(advanced) 전환만 포함하며 중단 프로그램의 기간은 제외된다.",,,2011-01-01~2020-11-30,p.24,Figure 17a,yes,limited,direct,원문 Figure 17a의 표시값을 그대로 옮긴 값이다. 구성 단계값과 n의 출처는 p.25 Figure 17b로 구분한다. 원문이 고유 프로그램의 total-duration n을 제공하지 않으므로 reported_n은 비워 둔다.,감염,default,N,,2035-12
BIO_B_0016,BIO 2021,Neurology,P1→P2,P1,P2,2.1,,,single,average/mean,년,"약물–적응증 development program이 해당 단계를 성공적으로 통과한 전환 1건의 소요기간. 해당 단계 개시에 관한 공개 공시부터 다음 단계 개시에 관한 공개 공시까지이며, 마지막 구간은 신청·승인 사건에 대응한다. 한 단계에 여러 임상시험이 포함될 수 있고 반드시 순차적으로 진행되지 않는다. 개별 clinical trial 1건의 시작→종료 기간이 아니다.","company-sponsored, FDA 등록용 development program. 해당 단계의 성공(advanced) 전환만 포함하며 중단 프로그램의 기간은 제외된다.",246.0,해당 단계의 기간 추정에 사용한 성공(advanced) 전환 건수 (successful/advanced transitions used for the phase duration estimate),2011-01-01~2020-11-30,p.25,Figure 17b,yes,direct,limited,"Wong의 시험 기간과는 관측 단위·통계량·시작과 종료 정의·분석 대상이 다르므로, 동일한 duration parameter로 통합하거나 서로 대체하지 않는다.",중추신경(신경),default,N,,2035-12
BIO_B_0017,BIO 2021,Neurology,P2→P3,P2,P3,3.7,,,single,average/mean,년,"약물–적응증 development program이 해당 단계를 성공적으로 통과한 전환 1건의 소요기간. 해당 단계 개시에 관한 공개 공시부터 다음 단계 개시에 관한 공개 공시까지이며, 마지막 구간은 신청·승인 사건에 대응한다. 한 단계에 여러 임상시험이 포함될 수 있고 반드시 순차적으로 진행되지 않는다. 개별 clinical trial 1건의 시작→종료 기간이 아니다.","company-sponsored, FDA 등록용 development program. 해당 단계의 성공(advanced) 전환만 포함하며 중단 프로그램의 기간은 제외된다.",135.0,해당 단계의 기간 추정에 사용한 성공(advanced) 전환 건수 (successful/advanced transitions used for the phase duration estimate),2011-01-01~2020-11-30,p.25,Figure 17b,yes,direct,limited,"Wong의 시험 기간과는 관측 단위·통계량·시작과 종료 정의·분석 대상이 다르므로, 동일한 duration parameter로 통합하거나 서로 대체하지 않는다.",중추신경(신경),default,N,,2035-12
BIO_B_0018,BIO 2021,Neurology,P3→NDA/BLA,P3,NDA/BLA,3.7,,,single,average/mean,년,"약물–적응증 development program이 해당 단계를 성공적으로 통과한 전환 1건의 소요기간. 해당 단계 개시에 관한 공개 공시부터 다음 단계 개시에 관한 공개 공시까지이며, 마지막 구간은 신청·승인 사건에 대응한다. 한 단계에 여러 임상시험이 포함될 수 있고 반드시 순차적으로 진행되지 않는다. 개별 clinical trial 1건의 시작→종료 기간이 아니다.","company-sponsored, FDA 등록용 development program. 해당 단계의 성공(advanced) 전환만 포함하며 중단 프로그램의 기간은 제외된다.",120.0,해당 단계의 기간 추정에 사용한 성공(advanced) 전환 건수 (successful/advanced transitions used for the phase duration estimate),2011-01-01~2020-11-30,p.25,Figure 17b,yes,direct,limited,"Wong의 시험 기간과는 관측 단위·통계량·시작과 종료 정의·분석 대상이 다르므로, 동일한 duration parameter로 통합하거나 서로 대체하지 않는다.",중추신경(신경),default,N,,2035-12
BIO_B_0019,BIO 2021,Neurology,NDA/BLA→Approval,NDA/BLA,Approval,1.6,,,single,average/mean,년,"약물–적응증 development program이 해당 단계를 성공적으로 통과한 전환 1건의 소요기간. 해당 단계 개시에 관한 공개 공시부터 다음 단계 개시에 관한 공개 공시까지이며, 마지막 구간은 신청·승인 사건에 대응한다. 한 단계에 여러 임상시험이 포함될 수 있고 반드시 순차적으로 진행되지 않는다. 개별 clinical trial 1건의 시작→종료 기간이 아니다.","company-sponsored, FDA 등록용 development program. 해당 단계의 성공(advanced) 전환만 포함하며 중단 프로그램의 기간은 제외된다.",143.0,해당 단계의 기간 추정에 사용한 성공(advanced) 전환 건수 (successful/advanced transitions used for the phase duration estimate),2011-01-01~2020-11-30,p.25,Figure 17b,yes,direct,limited,"Wong의 시험 기간과는 관측 단위·통계량·시작과 종료 정의·분석 대상이 다르므로, 동일한 duration parameter로 통합하거나 서로 대체하지 않는다.",중추신경(신경),default,N,,2035-12
BIO_B_0020,BIO 2021,Neurology,P1→Approval 총기간 지표,,,11.1,,,sum_of_phase_means,단계별 성공 전환 평균 기간의 합,년,각 단계의 성공 전환 평균 기간을 합쳐 Figure 17a에 제시한 원문 총기간 지표. 동일한 program cohort의 P1→Approval 총기간을 직접 관측한 평균이 아니다. 표시된 단계값을 다시 합산해 이 값을 대체하지 않는다.,"company-sponsored, FDA 등록용 development program. 해당 단계의 성공(advanced) 전환만 포함하며 중단 프로그램의 기간은 제외된다.",,,2011-01-01~2020-11-30,p.24,Figure 17a,yes,limited,limited,원문 Figure 17a의 표시값을 그대로 옮긴 값이다. 구성 단계값과 n의 출처는 p.25 Figure 17b로 구분한다. 원문이 고유 프로그램의 total-duration n을 제공하지 않으므로 reported_n은 비워 둔다.,중추신경(신경),default,N,,2035-12
BIO_B_0021,BIO 2021,Psychiatry,P1→P2,P1,P2,2.3,,,single,average/mean,년,"약물–적응증 development program이 해당 단계를 성공적으로 통과한 전환 1건의 소요기간. 해당 단계 개시에 관한 공개 공시부터 다음 단계 개시에 관한 공개 공시까지이며, 마지막 구간은 신청·승인 사건에 대응한다. 한 단계에 여러 임상시험이 포함될 수 있고 반드시 순차적으로 진행되지 않는다. 개별 clinical trial 1건의 시작→종료 기간이 아니다.","company-sponsored, FDA 등록용 development program. 해당 단계의 성공(advanced) 전환만 포함하며 중단 프로그램의 기간은 제외된다.",79.0,해당 단계의 기간 추정에 사용한 성공(advanced) 전환 건수 (successful/advanced transitions used for the phase duration estimate),2011-01-01~2020-11-30,p.25,Figure 17b,yes,direct,limited,"Wong의 시험 기간과는 관측 단위·통계량·시작과 종료 정의·분석 대상이 다르므로, 동일한 duration parameter로 통합하거나 서로 대체하지 않는다.",중추신경(정신),default,N,,2035-12
BIO_B_0022,BIO 2021,Psychiatry,P2→P3,P2,P3,3.4,,,single,average/mean,년,"약물–적응증 development program이 해당 단계를 성공적으로 통과한 전환 1건의 소요기간. 해당 단계 개시에 관한 공개 공시부터 다음 단계 개시에 관한 공개 공시까지이며, 마지막 구간은 신청·승인 사건에 대응한다. 한 단계에 여러 임상시험이 포함될 수 있고 반드시 순차적으로 진행되지 않는다. 개별 clinical trial 1건의 시작→종료 기간이 아니다.","company-sponsored, FDA 등록용 development program. 해당 단계의 성공(advanced) 전환만 포함하며 중단 프로그램의 기간은 제외된다.",44.0,해당 단계의 기간 추정에 사용한 성공(advanced) 전환 건수 (successful/advanced transitions used for the phase duration estimate),2011-01-01~2020-11-30,p.25,Figure 17b,yes,direct,limited,"Wong의 시험 기간과는 관측 단위·통계량·시작과 종료 정의·분석 대상이 다르므로, 동일한 duration parameter로 통합하거나 서로 대체하지 않는다.",중추신경(정신),default,N,,2035-12
BIO_B_0023,BIO 2021,Psychiatry,P3→NDA/BLA,P3,NDA/BLA,2.8,,,single,average/mean,년,"약물–적응증 development program이 해당 단계를 성공적으로 통과한 전환 1건의 소요기간. 해당 단계 개시에 관한 공개 공시부터 다음 단계 개시에 관한 공개 공시까지이며, 마지막 구간은 신청·승인 사건에 대응한다. 한 단계에 여러 임상시험이 포함될 수 있고 반드시 순차적으로 진행되지 않는다. 개별 clinical trial 1건의 시작→종료 기간이 아니다.","company-sponsored, FDA 등록용 development program. 해당 단계의 성공(advanced) 전환만 포함하며 중단 프로그램의 기간은 제외된다.",40.0,해당 단계의 기간 추정에 사용한 성공(advanced) 전환 건수 (successful/advanced transitions used for the phase duration estimate),2011-01-01~2020-11-30,p.25,Figure 17b,yes,direct,limited,"Wong의 시험 기간과는 관측 단위·통계량·시작과 종료 정의·분석 대상이 다르므로, 동일한 duration parameter로 통합하거나 서로 대체하지 않는다.",중추신경(정신),default,N,,2035-12
BIO_B_0024,BIO 2021,Psychiatry,NDA/BLA→Approval,NDA/BLA,Approval,1.8,,,single,average/mean,년,"약물–적응증 development program이 해당 단계를 성공적으로 통과한 전환 1건의 소요기간. 해당 단계 개시에 관한 공개 공시부터 다음 단계 개시에 관한 공개 공시까지이며, 마지막 구간은 신청·승인 사건에 대응한다. 한 단계에 여러 임상시험이 포함될 수 있고 반드시 순차적으로 진행되지 않는다. 개별 clinical trial 1건의 시작→종료 기간이 아니다.","company-sponsored, FDA 등록용 development program. 해당 단계의 성공(advanced) 전환만 포함하며 중단 프로그램의 기간은 제외된다.",52.0,해당 단계의 기간 추정에 사용한 성공(advanced) 전환 건수 (successful/advanced transitions used for the phase duration estimate),2011-01-01~2020-11-30,p.25,Figure 17b,yes,direct,limited,"Wong의 시험 기간과는 관측 단위·통계량·시작과 종료 정의·분석 대상이 다르므로, 동일한 duration parameter로 통합하거나 서로 대체하지 않는다.",중추신경(정신),default,N,,2035-12
BIO_B_0025,BIO 2021,Psychiatry,P1→Approval 총기간 지표,,,10.4,,,sum_of_phase_means,단계별 성공 전환 평균 기간의 합,년,각 단계의 성공 전환 평균 기간을 합쳐 Figure 17a에 제시한 원문 총기간 지표. 동일한 program cohort의 P1→Approval 총기간을 직접 관측한 평균이 아니다. 표시된 단계값을 다시 합산해 이 값을 대체하지 않는다.,"company-sponsored, FDA 등록용 development program. 해당 단계의 성공(advanced) 전환만 포함하며 중단 프로그램의 기간은 제외된다.",,,2011-01-01~2020-11-30,p.24,Figure 17a,yes,limited,limited,원문 Figure 17a의 표시값을 그대로 옮긴 값이다. 구성 단계값과 n의 출처는 p.25 Figure 17b로 구분한다. 원문이 고유 프로그램의 total-duration n을 제공하지 않으므로 reported_n은 비워 둔다.,중추신경(정신),default,N,,2035-12
BIO_B_0026,BIO 2021,Metabolic,P1→P2,P1,P2,2.0,,,single,average/mean,년,"약물–적응증 development program이 해당 단계를 성공적으로 통과한 전환 1건의 소요기간. 해당 단계 개시에 관한 공개 공시부터 다음 단계 개시에 관한 공개 공시까지이며, 마지막 구간은 신청·승인 사건에 대응한다. 한 단계에 여러 임상시험이 포함될 수 있고 반드시 순차적으로 진행되지 않는다. 개별 clinical trial 1건의 시작→종료 기간이 아니다.","company-sponsored, FDA 등록용 development program. 해당 단계의 성공(advanced) 전환만 포함하며 중단 프로그램의 기간은 제외된다.",84.0,해당 단계의 기간 추정에 사용한 성공(advanced) 전환 건수 (successful/advanced transitions used for the phase duration estimate),2011-01-01~2020-11-30,p.25,Figure 17b,yes,direct,limited,"Wong의 시험 기간과는 관측 단위·통계량·시작과 종료 정의·분석 대상이 다르므로, 동일한 duration parameter로 통합하거나 서로 대체하지 않는다.",대사·내분비,default_if_not_endocrine,N,,2035-12
BIO_B_0027,BIO 2021,Metabolic,P2→P3,P2,P3,3.2,,,single,average/mean,년,"약물–적응증 development program이 해당 단계를 성공적으로 통과한 전환 1건의 소요기간. 해당 단계 개시에 관한 공개 공시부터 다음 단계 개시에 관한 공개 공시까지이며, 마지막 구간은 신청·승인 사건에 대응한다. 한 단계에 여러 임상시험이 포함될 수 있고 반드시 순차적으로 진행되지 않는다. 개별 clinical trial 1건의 시작→종료 기간이 아니다.","company-sponsored, FDA 등록용 development program. 해당 단계의 성공(advanced) 전환만 포함하며 중단 프로그램의 기간은 제외된다.",67.0,해당 단계의 기간 추정에 사용한 성공(advanced) 전환 건수 (successful/advanced transitions used for the phase duration estimate),2011-01-01~2020-11-30,p.25,Figure 17b,yes,direct,limited,"Wong의 시험 기간과는 관측 단위·통계량·시작과 종료 정의·분석 대상이 다르므로, 동일한 duration parameter로 통합하거나 서로 대체하지 않는다.",대사·내분비,default_if_not_endocrine,N,,2035-12
BIO_B_0028,BIO 2021,Metabolic,P3→NDA/BLA,P3,NDA/BLA,3.1,,,single,average/mean,년,"약물–적응증 development program이 해당 단계를 성공적으로 통과한 전환 1건의 소요기간. 해당 단계 개시에 관한 공개 공시부터 다음 단계 개시에 관한 공개 공시까지이며, 마지막 구간은 신청·승인 사건에 대응한다. 한 단계에 여러 임상시험이 포함될 수 있고 반드시 순차적으로 진행되지 않는다. 개별 clinical trial 1건의 시작→종료 기간이 아니다.","company-sponsored, FDA 등록용 development program. 해당 단계의 성공(advanced) 전환만 포함하며 중단 프로그램의 기간은 제외된다.",42.0,해당 단계의 기간 추정에 사용한 성공(advanced) 전환 건수 (successful/advanced transitions used for the phase duration estimate),2011-01-01~2020-11-30,p.25,Figure 17b,yes,direct,limited,"Wong의 시험 기간과는 관측 단위·통계량·시작과 종료 정의·분석 대상이 다르므로, 동일한 duration parameter로 통합하거나 서로 대체하지 않는다.",대사·내분비,default_if_not_endocrine,N,,2035-12
BIO_B_0029,BIO 2021,Metabolic,NDA/BLA→Approval,NDA/BLA,Approval,1.2,,,single,average/mean,년,"약물–적응증 development program이 해당 단계를 성공적으로 통과한 전환 1건의 소요기간. 해당 단계 개시에 관한 공개 공시부터 다음 단계 개시에 관한 공개 공시까지이며, 마지막 구간은 신청·승인 사건에 대응한다. 한 단계에 여러 임상시험이 포함될 수 있고 반드시 순차적으로 진행되지 않는다. 개별 clinical trial 1건의 시작→종료 기간이 아니다.","company-sponsored, FDA 등록용 development program. 해당 단계의 성공(advanced) 전환만 포함하며 중단 프로그램의 기간은 제외된다.",42.0,해당 단계의 기간 추정에 사용한 성공(advanced) 전환 건수 (successful/advanced transitions used for the phase duration estimate),2011-01-01~2020-11-30,p.25,Figure 17b,yes,direct,limited,"Wong의 시험 기간과는 관측 단위·통계량·시작과 종료 정의·분석 대상이 다르므로, 동일한 duration parameter로 통합하거나 서로 대체하지 않는다.",대사·내분비,default_if_not_endocrine,N,,2035-12
BIO_B_0030,BIO 2021,Metabolic,P1→Approval 총기간 지표,,,9.5,,,sum_of_phase_means,단계별 성공 전환 평균 기간의 합,년,각 단계의 성공 전환 평균 기간을 합쳐 Figure 17a에 제시한 원문 총기간 지표. 동일한 program cohort의 P1→Approval 총기간을 직접 관측한 평균이 아니다. 표시된 단계값을 다시 합산해 이 값을 대체하지 않는다.,"company-sponsored, FDA 등록용 development program. 해당 단계의 성공(advanced) 전환만 포함하며 중단 프로그램의 기간은 제외된다.",,,2011-01-01~2020-11-30,p.24,Figure 17a,yes,limited,limited,원문 Figure 17a의 표시값을 그대로 옮긴 값이다. 구성 단계값과 n의 출처는 p.25 Figure 17b로 구분한다. 원문이 고유 프로그램의 total-duration n을 제공하지 않으므로 reported_n은 비워 둔다.,대사·내분비,default_if_not_endocrine,N,,2035-12
BIO_B_0031,BIO 2021,Cardiovascular,P1→P2,P1,P2,2.4,,,single,average/mean,년,"약물–적응증 development program이 해당 단계를 성공적으로 통과한 전환 1건의 소요기간. 해당 단계 개시에 관한 공개 공시부터 다음 단계 개시에 관한 공개 공시까지이며, 마지막 구간은 신청·승인 사건에 대응한다. 한 단계에 여러 임상시험이 포함될 수 있고 반드시 순차적으로 진행되지 않는다. 개별 clinical trial 1건의 시작→종료 기간이 아니다.","company-sponsored, FDA 등록용 development program. 해당 단계의 성공(advanced) 전환만 포함하며 중단 프로그램의 기간은 제외된다.",107.0,해당 단계의 기간 추정에 사용한 성공(advanced) 전환 건수 (successful/advanced transitions used for the phase duration estimate),2011-01-01~2020-11-30,p.25,Figure 17b,yes,direct,limited,"Wong의 시험 기간과는 관측 단위·통계량·시작과 종료 정의·분석 대상이 다르므로, 동일한 duration parameter로 통합하거나 서로 대체하지 않는다.",심혈관,default,N,,2035-12
BIO_B_0032,BIO 2021,Cardiovascular,P2→P3,P2,P3,3.8,,,single,average/mean,년,"약물–적응증 development program이 해당 단계를 성공적으로 통과한 전환 1건의 소요기간. 해당 단계 개시에 관한 공개 공시부터 다음 단계 개시에 관한 공개 공시까지이며, 마지막 구간은 신청·승인 사건에 대응한다. 한 단계에 여러 임상시험이 포함될 수 있고 반드시 순차적으로 진행되지 않는다. 개별 clinical trial 1건의 시작→종료 기간이 아니다.","company-sponsored, FDA 등록용 development program. 해당 단계의 성공(advanced) 전환만 포함하며 중단 프로그램의 기간은 제외된다.",53.0,해당 단계의 기간 추정에 사용한 성공(advanced) 전환 건수 (successful/advanced transitions used for the phase duration estimate),2011-01-01~2020-11-30,p.25,Figure 17b,yes,direct,limited,"Wong의 시험 기간과는 관측 단위·통계량·시작과 종료 정의·분석 대상이 다르므로, 동일한 duration parameter로 통합하거나 서로 대체하지 않는다.",심혈관,default,N,,2035-12
BIO_B_0033,BIO 2021,Cardiovascular,P3→NDA/BLA,P3,NDA/BLA,4.2,,,single,average/mean,년,"약물–적응증 development program이 해당 단계를 성공적으로 통과한 전환 1건의 소요기간. 해당 단계 개시에 관한 공개 공시부터 다음 단계 개시에 관한 공개 공시까지이며, 마지막 구간은 신청·승인 사건에 대응한다. 한 단계에 여러 임상시험이 포함될 수 있고 반드시 순차적으로 진행되지 않는다. 개별 clinical trial 1건의 시작→종료 기간이 아니다.","company-sponsored, FDA 등록용 development program. 해당 단계의 성공(advanced) 전환만 포함하며 중단 프로그램의 기간은 제외된다.",58.0,해당 단계의 기간 추정에 사용한 성공(advanced) 전환 건수 (successful/advanced transitions used for the phase duration estimate),2011-01-01~2020-11-30,p.25,Figure 17b,yes,direct,limited,"Wong의 시험 기간과는 관측 단위·통계량·시작과 종료 정의·분석 대상이 다르므로, 동일한 duration parameter로 통합하거나 서로 대체하지 않는다.",심혈관,default,N,,2035-12
BIO_B_0034,BIO 2021,Cardiovascular,NDA/BLA→Approval,NDA/BLA,Approval,1.2,,,single,average/mean,년,"약물–적응증 development program이 해당 단계를 성공적으로 통과한 전환 1건의 소요기간. 해당 단계 개시에 관한 공개 공시부터 다음 단계 개시에 관한 공개 공시까지이며, 마지막 구간은 신청·승인 사건에 대응한다. 한 단계에 여러 임상시험이 포함될 수 있고 반드시 순차적으로 진행되지 않는다. 개별 clinical trial 1건의 시작→종료 기간이 아니다.","company-sponsored, FDA 등록용 development program. 해당 단계의 성공(advanced) 전환만 포함하며 중단 프로그램의 기간은 제외된다.",66.0,해당 단계의 기간 추정에 사용한 성공(advanced) 전환 건수 (successful/advanced transitions used for the phase duration estimate),2011-01-01~2020-11-30,p.25,Figure 17b,yes,direct,limited,"Wong의 시험 기간과는 관측 단위·통계량·시작과 종료 정의·분석 대상이 다르므로, 동일한 duration parameter로 통합하거나 서로 대체하지 않는다.",심혈관,default,N,,2035-12
BIO_B_0035,BIO 2021,Cardiovascular,P1→Approval 총기간 지표,,,11.5,,,sum_of_phase_means,단계별 성공 전환 평균 기간의 합,년,각 단계의 성공 전환 평균 기간을 합쳐 Figure 17a에 제시한 원문 총기간 지표. 동일한 program cohort의 P1→Approval 총기간을 직접 관측한 평균이 아니다. 표시된 단계값을 다시 합산해 이 값을 대체하지 않는다.,"company-sponsored, FDA 등록용 development program. 해당 단계의 성공(advanced) 전환만 포함하며 중단 프로그램의 기간은 제외된다.",,,2011-01-01~2020-11-30,p.24,Figure 17a,yes,limited,limited,원문 Figure 17a의 표시값을 그대로 옮긴 값이다. 구성 단계값과 n의 출처는 p.25 Figure 17b로 구분한다. 원문이 고유 프로그램의 total-duration n을 제공하지 않으므로 reported_n은 비워 둔다.,심혈관,default,N,,2035-12
BIO_B_0036,BIO 2021,Endocrine,P1→P2,P1,P2,1.8,,,single,average/mean,년,"약물–적응증 development program이 해당 단계를 성공적으로 통과한 전환 1건의 소요기간. 해당 단계 개시에 관한 공개 공시부터 다음 단계 개시에 관한 공개 공시까지이며, 마지막 구간은 신청·승인 사건에 대응한다. 한 단계에 여러 임상시험이 포함될 수 있고 반드시 순차적으로 진행되지 않는다. 개별 clinical trial 1건의 시작→종료 기간이 아니다.","company-sponsored, FDA 등록용 development program. 해당 단계의 성공(advanced) 전환만 포함하며 중단 프로그램의 기간은 제외된다.",138.0,해당 단계의 기간 추정에 사용한 성공(advanced) 전환 건수 (successful/advanced transitions used for the phase duration estimate),2011-01-01~2020-11-30,p.25,Figure 17b,yes,direct,limited,"Wong의 시험 기간과는 관측 단위·통계량·시작과 종료 정의·분석 대상이 다르므로, 동일한 duration parameter로 통합하거나 서로 대체하지 않는다.; Endocrine 귀속 임시, 발표 후 재검토",대사·내분비,default_if_endocrine,N,,2035-12
BIO_B_0037,BIO 2021,Endocrine,P2→P3,P2,P3,3.4,,,single,average/mean,년,"약물–적응증 development program이 해당 단계를 성공적으로 통과한 전환 1건의 소요기간. 해당 단계 개시에 관한 공개 공시부터 다음 단계 개시에 관한 공개 공시까지이며, 마지막 구간은 신청·승인 사건에 대응한다. 한 단계에 여러 임상시험이 포함될 수 있고 반드시 순차적으로 진행되지 않는다. 개별 clinical trial 1건의 시작→종료 기간이 아니다.","company-sponsored, FDA 등록용 development program. 해당 단계의 성공(advanced) 전환만 포함하며 중단 프로그램의 기간은 제외된다.",78.0,해당 단계의 기간 추정에 사용한 성공(advanced) 전환 건수 (successful/advanced transitions used for the phase duration estimate),2011-01-01~2020-11-30,p.25,Figure 17b,yes,direct,limited,"Wong의 시험 기간과는 관측 단위·통계량·시작과 종료 정의·분석 대상이 다르므로, 동일한 duration parameter로 통합하거나 서로 대체하지 않는다.; Endocrine 귀속 임시, 발표 후 재검토",대사·내분비,default_if_endocrine,N,,2035-12
BIO_B_0038,BIO 2021,Endocrine,P3→NDA/BLA,P3,NDA/BLA,3.7,,,single,average/mean,년,"약물–적응증 development program이 해당 단계를 성공적으로 통과한 전환 1건의 소요기간. 해당 단계 개시에 관한 공개 공시부터 다음 단계 개시에 관한 공개 공시까지이며, 마지막 구간은 신청·승인 사건에 대응한다. 한 단계에 여러 임상시험이 포함될 수 있고 반드시 순차적으로 진행되지 않는다. 개별 clinical trial 1건의 시작→종료 기간이 아니다.","company-sponsored, FDA 등록용 development program. 해당 단계의 성공(advanced) 전환만 포함하며 중단 프로그램의 기간은 제외된다.",100.0,해당 단계의 기간 추정에 사용한 성공(advanced) 전환 건수 (successful/advanced transitions used for the phase duration estimate),2011-01-01~2020-11-30,p.25,Figure 17b,yes,direct,limited,"Wong의 시험 기간과는 관측 단위·통계량·시작과 종료 정의·분석 대상이 다르므로, 동일한 duration parameter로 통합하거나 서로 대체하지 않는다.; Endocrine 귀속 임시, 발표 후 재검토",대사·내분비,default_if_endocrine,N,,2035-12
BIO_B_0039,BIO 2021,Endocrine,NDA/BLA→Approval,NDA/BLA,Approval,1.8,,,single,average/mean,년,"약물–적응증 development program이 해당 단계를 성공적으로 통과한 전환 1건의 소요기간. 해당 단계 개시에 관한 공개 공시부터 다음 단계 개시에 관한 공개 공시까지이며, 마지막 구간은 신청·승인 사건에 대응한다. 한 단계에 여러 임상시험이 포함될 수 있고 반드시 순차적으로 진행되지 않는다. 개별 clinical trial 1건의 시작→종료 기간이 아니다.","company-sponsored, FDA 등록용 development program. 해당 단계의 성공(advanced) 전환만 포함하며 중단 프로그램의 기간은 제외된다.",107.0,해당 단계의 기간 추정에 사용한 성공(advanced) 전환 건수 (successful/advanced transitions used for the phase duration estimate),2011-01-01~2020-11-30,p.25,Figure 17b,yes,direct,limited,"Wong의 시험 기간과는 관측 단위·통계량·시작과 종료 정의·분석 대상이 다르므로, 동일한 duration parameter로 통합하거나 서로 대체하지 않는다.; Endocrine 귀속 임시, 발표 후 재검토",대사·내분비,default_if_endocrine,N,,2035-12
BIO_B_0040,BIO 2021,Endocrine,P1→Approval 총기간 지표,,,10.7,,,sum_of_phase_means,단계별 성공 전환 평균 기간의 합,년,각 단계의 성공 전환 평균 기간을 합쳐 Figure 17a에 제시한 원문 총기간 지표. 동일한 program cohort의 P1→Approval 총기간을 직접 관측한 평균이 아니다. 표시된 단계값을 다시 합산해 이 값을 대체하지 않는다.,"company-sponsored, FDA 등록용 development program. 해당 단계의 성공(advanced) 전환만 포함하며 중단 프로그램의 기간은 제외된다.",,,2011-01-01~2020-11-30,p.24,Figure 17a,yes,limited,limited,"원문 Figure 17a의 표시값을 그대로 옮긴 값이다. 구성 단계값과 n의 출처는 p.25 Figure 17b로 구분한다. 원문이 고유 프로그램의 total-duration n을 제공하지 않으므로 reported_n은 비워 둔다.; Endocrine 귀속 임시, 발표 후 재검토",대사·내분비,default_if_endocrine,N,,2035-12
BIO_B_0041,BIO 2021,Hematology,P1→P2,P1,P2,2.2,,,single,average/mean,년,"약물–적응증 development program이 해당 단계를 성공적으로 통과한 전환 1건의 소요기간. 해당 단계 개시에 관한 공개 공시부터 다음 단계 개시에 관한 공개 공시까지이며, 마지막 구간은 신청·승인 사건에 대응한다. 한 단계에 여러 임상시험이 포함될 수 있고 반드시 순차적으로 진행되지 않는다. 개별 clinical trial 1건의 시작→종료 기간이 아니다.","company-sponsored, FDA 등록용 development program. 해당 단계의 성공(advanced) 전환만 포함하며 중단 프로그램의 기간은 제외된다.",64.0,해당 단계의 기간 추정에 사용한 성공(advanced) 전환 건수 (successful/advanced transitions used for the phase duration estimate),2011-01-01~2020-11-30,p.25,Figure 17b,yes,direct,hold,"Wong의 시험 기간과는 관측 단위·통계량·시작과 종료 정의·분석 대상이 다르므로, 동일한 duration parameter로 통합하거나 서로 대체하지 않는다.",,,N,,2035-12
BIO_B_0042,BIO 2021,Hematology,P2→P3,P2,P3,3.4,,,single,average/mean,년,"약물–적응증 development program이 해당 단계를 성공적으로 통과한 전환 1건의 소요기간. 해당 단계 개시에 관한 공개 공시부터 다음 단계 개시에 관한 공개 공시까지이며, 마지막 구간은 신청·승인 사건에 대응한다. 한 단계에 여러 임상시험이 포함될 수 있고 반드시 순차적으로 진행되지 않는다. 개별 clinical trial 1건의 시작→종료 기간이 아니다.","company-sponsored, FDA 등록용 development program. 해당 단계의 성공(advanced) 전환만 포함하며 중단 프로그램의 기간은 제외된다.",51.0,해당 단계의 기간 추정에 사용한 성공(advanced) 전환 건수 (successful/advanced transitions used for the phase duration estimate),2011-01-01~2020-11-30,p.25,Figure 17b,yes,direct,hold,"Wong의 시험 기간과는 관측 단위·통계량·시작과 종료 정의·분석 대상이 다르므로, 동일한 duration parameter로 통합하거나 서로 대체하지 않는다.",,,N,,2035-12
BIO_B_0043,BIO 2021,Hematology,P3→NDA/BLA,P3,NDA/BLA,3.6,,,single,average/mean,년,"약물–적응증 development program이 해당 단계를 성공적으로 통과한 전환 1건의 소요기간. 해당 단계 개시에 관한 공개 공시부터 다음 단계 개시에 관한 공개 공시까지이며, 마지막 구간은 신청·승인 사건에 대응한다. 한 단계에 여러 임상시험이 포함될 수 있고 반드시 순차적으로 진행되지 않는다. 개별 clinical trial 1건의 시작→종료 기간이 아니다.","company-sponsored, FDA 등록용 development program. 해당 단계의 성공(advanced) 전환만 포함하며 중단 프로그램의 기간은 제외된다.",63.0,해당 단계의 기간 추정에 사용한 성공(advanced) 전환 건수 (successful/advanced transitions used for the phase duration estimate),2011-01-01~2020-11-30,p.25,Figure 17b,yes,direct,hold,"Wong의 시험 기간과는 관측 단위·통계량·시작과 종료 정의·분석 대상이 다르므로, 동일한 duration parameter로 통합하거나 서로 대체하지 않는다.",,,N,,2035-12
BIO_B_0044,BIO 2021,Hematology,NDA/BLA→Approval,NDA/BLA,Approval,1.5,,,single,average/mean,년,"약물–적응증 development program이 해당 단계를 성공적으로 통과한 전환 1건의 소요기간. 해당 단계 개시에 관한 공개 공시부터 다음 단계 개시에 관한 공개 공시까지이며, 마지막 구간은 신청·승인 사건에 대응한다. 한 단계에 여러 임상시험이 포함될 수 있고 반드시 순차적으로 진행되지 않는다. 개별 clinical trial 1건의 시작→종료 기간이 아니다.","company-sponsored, FDA 등록용 development program. 해당 단계의 성공(advanced) 전환만 포함하며 중단 프로그램의 기간은 제외된다.",67.0,해당 단계의 기간 추정에 사용한 성공(advanced) 전환 건수 (successful/advanced transitions used for the phase duration estimate),2011-01-01~2020-11-30,p.25,Figure 17b,yes,direct,hold,"Wong의 시험 기간과는 관측 단위·통계량·시작과 종료 정의·분석 대상이 다르므로, 동일한 duration parameter로 통합하거나 서로 대체하지 않는다.",,,N,,2035-12
BIO_B_0045,BIO 2021,Hematology,P1→Approval 총기간 지표,,,10.7,,,sum_of_phase_means,단계별 성공 전환 평균 기간의 합,년,각 단계의 성공 전환 평균 기간을 합쳐 Figure 17a에 제시한 원문 총기간 지표. 동일한 program cohort의 P1→Approval 총기간을 직접 관측한 평균이 아니다. 표시된 단계값을 다시 합산해 이 값을 대체하지 않는다.,"company-sponsored, FDA 등록용 development program. 해당 단계의 성공(advanced) 전환만 포함하며 중단 프로그램의 기간은 제외된다.",,,2011-01-01~2020-11-30,p.24,Figure 17a,yes,limited,hold,원문 Figure 17a의 표시값을 그대로 옮긴 값이다. 구성 단계값과 n의 출처는 p.25 Figure 17b로 구분한다. 원문이 고유 프로그램의 total-duration n을 제공하지 않으므로 reported_n은 비워 둔다.,,,N,,2035-12
BIO_B_0046,BIO 2021,Autoimmune,P1→P2,P1,P2,2.1,,,single,average/mean,년,"약물–적응증 development program이 해당 단계를 성공적으로 통과한 전환 1건의 소요기간. 해당 단계 개시에 관한 공개 공시부터 다음 단계 개시에 관한 공개 공시까지이며, 마지막 구간은 신청·승인 사건에 대응한다. 한 단계에 여러 임상시험이 포함될 수 있고 반드시 순차적으로 진행되지 않는다. 개별 clinical trial 1건의 시작→종료 기간이 아니다.","company-sponsored, FDA 등록용 development program. 해당 단계의 성공(advanced) 전환만 포함하며 중단 프로그램의 기간은 제외된다.",228.0,해당 단계의 기간 추정에 사용한 성공(advanced) 전환 건수 (successful/advanced transitions used for the phase duration estimate),2011-01-01~2020-11-30,p.25,Figure 17b,yes,direct,hold,"Wong의 시험 기간과는 관측 단위·통계량·시작과 종료 정의·분석 대상이 다르므로, 동일한 duration parameter로 통합하거나 서로 대체하지 않는다.",,,N,,2035-12
BIO_B_0047,BIO 2021,Autoimmune,P2→P3,P2,P3,3.6,,,single,average/mean,년,"약물–적응증 development program이 해당 단계를 성공적으로 통과한 전환 1건의 소요기간. 해당 단계 개시에 관한 공개 공시부터 다음 단계 개시에 관한 공개 공시까지이며, 마지막 구간은 신청·승인 사건에 대응한다. 한 단계에 여러 임상시험이 포함될 수 있고 반드시 순차적으로 진행되지 않는다. 개별 clinical trial 1건의 시작→종료 기간이 아니다.","company-sponsored, FDA 등록용 development program. 해당 단계의 성공(advanced) 전환만 포함하며 중단 프로그램의 기간은 제외된다.",148.0,해당 단계의 기간 추정에 사용한 성공(advanced) 전환 건수 (successful/advanced transitions used for the phase duration estimate),2011-01-01~2020-11-30,p.25,Figure 17b,yes,direct,hold,"Wong의 시험 기간과는 관측 단위·통계량·시작과 종료 정의·분석 대상이 다르므로, 동일한 duration parameter로 통합하거나 서로 대체하지 않는다.",,,N,,2035-12
BIO_B_0048,BIO 2021,Autoimmune,P3→NDA/BLA,P3,NDA/BLA,3.2,,,single,average/mean,년,"약물–적응증 development program이 해당 단계를 성공적으로 통과한 전환 1건의 소요기간. 해당 단계 개시에 관한 공개 공시부터 다음 단계 개시에 관한 공개 공시까지이며, 마지막 구간은 신청·승인 사건에 대응한다. 한 단계에 여러 임상시험이 포함될 수 있고 반드시 순차적으로 진행되지 않는다. 개별 clinical trial 1건의 시작→종료 기간이 아니다.","company-sponsored, FDA 등록용 development program. 해당 단계의 성공(advanced) 전환만 포함하며 중단 프로그램의 기간은 제외된다.",143.0,해당 단계의 기간 추정에 사용한 성공(advanced) 전환 건수 (successful/advanced transitions used for the phase duration estimate),2011-01-01~2020-11-30,p.25,Figure 17b,yes,direct,hold,"Wong의 시험 기간과는 관측 단위·통계량·시작과 종료 정의·분석 대상이 다르므로, 동일한 duration parameter로 통합하거나 서로 대체하지 않는다.",,,N,,2035-12
BIO_B_0049,BIO 2021,Autoimmune,NDA/BLA→Approval,NDA/BLA,Approval,1.1,,,single,average/mean,년,"약물–적응증 development program이 해당 단계를 성공적으로 통과한 전환 1건의 소요기간. 해당 단계 개시에 관한 공개 공시부터 다음 단계 개시에 관한 공개 공시까지이며, 마지막 구간은 신청·승인 사건에 대응한다. 한 단계에 여러 임상시험이 포함될 수 있고 반드시 순차적으로 진행되지 않는다. 개별 clinical trial 1건의 시작→종료 기간이 아니다.","company-sponsored, FDA 등록용 development program. 해당 단계의 성공(advanced) 전환만 포함하며 중단 프로그램의 기간은 제외된다.",190.0,해당 단계의 기간 추정에 사용한 성공(advanced) 전환 건수 (successful/advanced transitions used for the phase duration estimate),2011-01-01~2020-11-30,p.25,Figure 17b,yes,direct,hold,"Wong의 시험 기간과는 관측 단위·통계량·시작과 종료 정의·분석 대상이 다르므로, 동일한 duration parameter로 통합하거나 서로 대체하지 않는다.",,,N,,2035-12
BIO_B_0050,BIO 2021,Autoimmune,P1→Approval 총기간 지표,,,10.0,,,sum_of_phase_means,단계별 성공 전환 평균 기간의 합,년,각 단계의 성공 전환 평균 기간을 합쳐 Figure 17a에 제시한 원문 총기간 지표. 동일한 program cohort의 P1→Approval 총기간을 직접 관측한 평균이 아니다. 표시된 단계값을 다시 합산해 이 값을 대체하지 않는다.,"company-sponsored, FDA 등록용 development program. 해당 단계의 성공(advanced) 전환만 포함하며 중단 프로그램의 기간은 제외된다.",,,2011-01-01~2020-11-30,p.24,Figure 17a,yes,limited,hold,원문 Figure 17a의 표시값을 그대로 옮긴 값이다. 구성 단계값과 n의 출처는 p.25 Figure 17b로 구분한다. 원문이 고유 프로그램의 total-duration n을 제공하지 않으므로 reported_n은 비워 둔다.,,,N,,2035-12
BIO_B_0051,BIO 2021,Ophthalmology,P1→P2,P1,P2,2.1,,,single,average/mean,년,"약물–적응증 development program이 해당 단계를 성공적으로 통과한 전환 1건의 소요기간. 해당 단계 개시에 관한 공개 공시부터 다음 단계 개시에 관한 공개 공시까지이며, 마지막 구간은 신청·승인 사건에 대응한다. 한 단계에 여러 임상시험이 포함될 수 있고 반드시 순차적으로 진행되지 않는다. 개별 clinical trial 1건의 시작→종료 기간이 아니다.","company-sponsored, FDA 등록용 development program. 해당 단계의 성공(advanced) 전환만 포함하며 중단 프로그램의 기간은 제외된다.",63.0,해당 단계의 기간 추정에 사용한 성공(advanced) 전환 건수 (successful/advanced transitions used for the phase duration estimate),2011-01-01~2020-11-30,p.25,Figure 17b,yes,direct,hold,"Wong의 시험 기간과는 관측 단위·통계량·시작과 종료 정의·분석 대상이 다르므로, 동일한 duration parameter로 통합하거나 서로 대체하지 않는다.",,,N,,2035-12
BIO_B_0052,BIO 2021,Ophthalmology,P2→P3,P2,P3,2.9,,,single,average/mean,년,"약물–적응증 development program이 해당 단계를 성공적으로 통과한 전환 1건의 소요기간. 해당 단계 개시에 관한 공개 공시부터 다음 단계 개시에 관한 공개 공시까지이며, 마지막 구간은 신청·승인 사건에 대응한다. 한 단계에 여러 임상시험이 포함될 수 있고 반드시 순차적으로 진행되지 않는다. 개별 clinical trial 1건의 시작→종료 기간이 아니다.","company-sponsored, FDA 등록용 development program. 해당 단계의 성공(advanced) 전환만 포함하며 중단 프로그램의 기간은 제외된다.",71.0,해당 단계의 기간 추정에 사용한 성공(advanced) 전환 건수 (successful/advanced transitions used for the phase duration estimate),2011-01-01~2020-11-30,p.25,Figure 17b,yes,direct,hold,"Wong의 시험 기간과는 관측 단위·통계량·시작과 종료 정의·분석 대상이 다르므로, 동일한 duration parameter로 통합하거나 서로 대체하지 않는다.",,,N,,2035-12
BIO_B_0053,BIO 2021,Ophthalmology,P3→NDA/BLA,P3,NDA/BLA,3.4,,,single,average/mean,년,"약물–적응증 development program이 해당 단계를 성공적으로 통과한 전환 1건의 소요기간. 해당 단계 개시에 관한 공개 공시부터 다음 단계 개시에 관한 공개 공시까지이며, 마지막 구간은 신청·승인 사건에 대응한다. 한 단계에 여러 임상시험이 포함될 수 있고 반드시 순차적으로 진행되지 않는다. 개별 clinical trial 1건의 시작→종료 기간이 아니다.","company-sponsored, FDA 등록용 development program. 해당 단계의 성공(advanced) 전환만 포함하며 중단 프로그램의 기간은 제외된다.",42.0,해당 단계의 기간 추정에 사용한 성공(advanced) 전환 건수 (successful/advanced transitions used for the phase duration estimate),2011-01-01~2020-11-30,p.25,Figure 17b,yes,direct,hold,"Wong의 시험 기간과는 관측 단위·통계량·시작과 종료 정의·분석 대상이 다르므로, 동일한 duration parameter로 통합하거나 서로 대체하지 않는다.",,,N,,2035-12
BIO_B_0054,BIO 2021,Ophthalmology,NDA/BLA→Approval,NDA/BLA,Approval,1.3,,,single,average/mean,년,"약물–적응증 development program이 해당 단계를 성공적으로 통과한 전환 1건의 소요기간. 해당 단계 개시에 관한 공개 공시부터 다음 단계 개시에 관한 공개 공시까지이며, 마지막 구간은 신청·승인 사건에 대응한다. 한 단계에 여러 임상시험이 포함될 수 있고 반드시 순차적으로 진행되지 않는다. 개별 clinical trial 1건의 시작→종료 기간이 아니다.","company-sponsored, FDA 등록용 development program. 해당 단계의 성공(advanced) 전환만 포함하며 중단 프로그램의 기간은 제외된다.",41.0,해당 단계의 기간 추정에 사용한 성공(advanced) 전환 건수 (successful/advanced transitions used for the phase duration estimate),2011-01-01~2020-11-30,p.25,Figure 17b,yes,direct,hold,"Wong의 시험 기간과는 관측 단위·통계량·시작과 종료 정의·분석 대상이 다르므로, 동일한 duration parameter로 통합하거나 서로 대체하지 않는다.",,,N,,2035-12
BIO_B_0055,BIO 2021,Ophthalmology,P1→Approval 총기간 지표,,,9.8,,,sum_of_phase_means,단계별 성공 전환 평균 기간의 합,년,각 단계의 성공 전환 평균 기간을 합쳐 Figure 17a에 제시한 원문 총기간 지표. 동일한 program cohort의 P1→Approval 총기간을 직접 관측한 평균이 아니다. 표시된 단계값을 다시 합산해 이 값을 대체하지 않는다.,"company-sponsored, FDA 등록용 development program. 해당 단계의 성공(advanced) 전환만 포함하며 중단 프로그램의 기간은 제외된다.",,,2011-01-01~2020-11-30,p.24,Figure 17a,yes,limited,hold,원문 Figure 17a의 표시값을 그대로 옮긴 값이다. 구성 단계값과 n의 출처는 p.25 Figure 17b로 구분한다. 원문이 고유 프로그램의 total-duration n을 제공하지 않으므로 reported_n은 비워 둔다.,,,N,,2035-12
BIO_B_0056,BIO 2021,Respiratory,P1→P2,P1,P2,2.1,,,single,average/mean,년,"약물–적응증 development program이 해당 단계를 성공적으로 통과한 전환 1건의 소요기간. 해당 단계 개시에 관한 공개 공시부터 다음 단계 개시에 관한 공개 공시까지이며, 마지막 구간은 신청·승인 사건에 대응한다. 한 단계에 여러 임상시험이 포함될 수 있고 반드시 순차적으로 진행되지 않는다. 개별 clinical trial 1건의 시작→종료 기간이 아니다.","company-sponsored, FDA 등록용 development program. 해당 단계의 성공(advanced) 전환만 포함하며 중단 프로그램의 기간은 제외된다.",100.0,해당 단계의 기간 추정에 사용한 성공(advanced) 전환 건수 (successful/advanced transitions used for the phase duration estimate),2011-01-01~2020-11-30,p.25,Figure 17b,yes,direct,hold,"Wong의 시험 기간과는 관측 단위·통계량·시작과 종료 정의·분석 대상이 다르므로, 동일한 duration parameter로 통합하거나 서로 대체하지 않는다.",,,N,,2035-12
BIO_B_0057,BIO 2021,Respiratory,P2→P3,P2,P3,3.5,,,single,average/mean,년,"약물–적응증 development program이 해당 단계를 성공적으로 통과한 전환 1건의 소요기간. 해당 단계 개시에 관한 공개 공시부터 다음 단계 개시에 관한 공개 공시까지이며, 마지막 구간은 신청·승인 사건에 대응한다. 한 단계에 여러 임상시험이 포함될 수 있고 반드시 순차적으로 진행되지 않는다. 개별 clinical trial 1건의 시작→종료 기간이 아니다.","company-sponsored, FDA 등록용 development program. 해당 단계의 성공(advanced) 전환만 포함하며 중단 프로그램의 기간은 제외된다.",47.0,해당 단계의 기간 추정에 사용한 성공(advanced) 전환 건수 (successful/advanced transitions used for the phase duration estimate),2011-01-01~2020-11-30,p.25,Figure 17b,yes,direct,hold,"Wong의 시험 기간과는 관측 단위·통계량·시작과 종료 정의·분석 대상이 다르므로, 동일한 duration parameter로 통합하거나 서로 대체하지 않는다.",,,N,,2035-12
BIO_B_0058,BIO 2021,Respiratory,P3→NDA/BLA,P3,NDA/BLA,3.3,,,single,average/mean,년,"약물–적응증 development program이 해당 단계를 성공적으로 통과한 전환 1건의 소요기간. 해당 단계 개시에 관한 공개 공시부터 다음 단계 개시에 관한 공개 공시까지이며, 마지막 구간은 신청·승인 사건에 대응한다. 한 단계에 여러 임상시험이 포함될 수 있고 반드시 순차적으로 진행되지 않는다. 개별 clinical trial 1건의 시작→종료 기간이 아니다.","company-sponsored, FDA 등록용 development program. 해당 단계의 성공(advanced) 전환만 포함하며 중단 프로그램의 기간은 제외된다.",40.0,해당 단계의 기간 추정에 사용한 성공(advanced) 전환 건수 (successful/advanced transitions used for the phase duration estimate),2011-01-01~2020-11-30,p.25,Figure 17b,yes,direct,hold,"Wong의 시험 기간과는 관측 단위·통계량·시작과 종료 정의·분석 대상이 다르므로, 동일한 duration parameter로 통합하거나 서로 대체하지 않는다.",,,N,,2035-12
BIO_B_0059,BIO 2021,Respiratory,NDA/BLA→Approval,NDA/BLA,Approval,1.5,,,single,average/mean,년,"약물–적응증 development program이 해당 단계를 성공적으로 통과한 전환 1건의 소요기간. 해당 단계 개시에 관한 공개 공시부터 다음 단계 개시에 관한 공개 공시까지이며, 마지막 구간은 신청·승인 사건에 대응한다. 한 단계에 여러 임상시험이 포함될 수 있고 반드시 순차적으로 진행되지 않는다. 개별 clinical trial 1건의 시작→종료 기간이 아니다.","company-sponsored, FDA 등록용 development program. 해당 단계의 성공(advanced) 전환만 포함하며 중단 프로그램의 기간은 제외된다.",43.0,해당 단계의 기간 추정에 사용한 성공(advanced) 전환 건수 (successful/advanced transitions used for the phase duration estimate),2011-01-01~2020-11-30,p.25,Figure 17b,yes,direct,hold,"Wong의 시험 기간과는 관측 단위·통계량·시작과 종료 정의·분석 대상이 다르므로, 동일한 duration parameter로 통합하거나 서로 대체하지 않는다.",,,N,,2035-12
BIO_B_0060,BIO 2021,Respiratory,P1→Approval 총기간 지표,,,10.4,,,sum_of_phase_means,단계별 성공 전환 평균 기간의 합,년,각 단계의 성공 전환 평균 기간을 합쳐 Figure 17a에 제시한 원문 총기간 지표. 동일한 program cohort의 P1→Approval 총기간을 직접 관측한 평균이 아니다. 표시된 단계값을 다시 합산해 이 값을 대체하지 않는다.,"company-sponsored, FDA 등록용 development program. 해당 단계의 성공(advanced) 전환만 포함하며 중단 프로그램의 기간은 제외된다.",,,2011-01-01~2020-11-30,p.24,Figure 17a,yes,limited,hold,원문 Figure 17a의 표시값을 그대로 옮긴 값이다. 구성 단계값과 n의 출처는 p.25 Figure 17b로 구분한다. 원문이 고유 프로그램의 total-duration n을 제공하지 않으므로 reported_n은 비워 둔다.,,,N,,2035-12
BIO_B_0061,BIO 2021,Gastroenterology (non-IBD),P1→P2,P1,P2,1.6,,,single,average/mean,년,"약물–적응증 development program이 해당 단계를 성공적으로 통과한 전환 1건의 소요기간. 해당 단계 개시에 관한 공개 공시부터 다음 단계 개시에 관한 공개 공시까지이며, 마지막 구간은 신청·승인 사건에 대응한다. 한 단계에 여러 임상시험이 포함될 수 있고 반드시 순차적으로 진행되지 않는다. 개별 clinical trial 1건의 시작→종료 기간이 아니다.","company-sponsored, FDA 등록용 development program. 해당 단계의 성공(advanced) 전환만 포함하며 중단 프로그램의 기간은 제외된다.",21.0,해당 단계의 기간 추정에 사용한 성공(advanced) 전환 건수 (successful/advanced transitions used for the phase duration estimate),2011-01-01~2020-11-30,p.25,Figure 17b,yes,direct,hold,"Wong의 시험 기간과는 관측 단위·통계량·시작과 종료 정의·분석 대상이 다르므로, 동일한 duration parameter로 통합하거나 서로 대체하지 않는다.",,,N,,2035-12
BIO_B_0062,BIO 2021,Gastroenterology (non-IBD),P2→P3,P2,P3,3.9,,,single,average/mean,년,"약물–적응증 development program이 해당 단계를 성공적으로 통과한 전환 1건의 소요기간. 해당 단계 개시에 관한 공개 공시부터 다음 단계 개시에 관한 공개 공시까지이며, 마지막 구간은 신청·승인 사건에 대응한다. 한 단계에 여러 임상시험이 포함될 수 있고 반드시 순차적으로 진행되지 않는다. 개별 clinical trial 1건의 시작→종료 기간이 아니다.","company-sponsored, FDA 등록용 development program. 해당 단계의 성공(advanced) 전환만 포함하며 중단 프로그램의 기간은 제외된다.",25.0,해당 단계의 기간 추정에 사용한 성공(advanced) 전환 건수 (successful/advanced transitions used for the phase duration estimate),2011-01-01~2020-11-30,p.25,Figure 17b,yes,direct,hold,"Wong의 시험 기간과는 관측 단위·통계량·시작과 종료 정의·분석 대상이 다르므로, 동일한 duration parameter로 통합하거나 서로 대체하지 않는다.",,,N,,2035-12
BIO_B_0063,BIO 2021,Gastroenterology (non-IBD),P3→NDA/BLA,P3,NDA/BLA,3.9,,,single,average/mean,년,"약물–적응증 development program이 해당 단계를 성공적으로 통과한 전환 1건의 소요기간. 해당 단계 개시에 관한 공개 공시부터 다음 단계 개시에 관한 공개 공시까지이며, 마지막 구간은 신청·승인 사건에 대응한다. 한 단계에 여러 임상시험이 포함될 수 있고 반드시 순차적으로 진행되지 않는다. 개별 clinical trial 1건의 시작→종료 기간이 아니다.","company-sponsored, FDA 등록용 development program. 해당 단계의 성공(advanced) 전환만 포함하며 중단 프로그램의 기간은 제외된다.",20.0,해당 단계의 기간 추정에 사용한 성공(advanced) 전환 건수 (successful/advanced transitions used for the phase duration estimate),2011-01-01~2020-11-30,p.25,Figure 17b,yes,direct,hold,"Wong의 시험 기간과는 관측 단위·통계량·시작과 종료 정의·분석 대상이 다르므로, 동일한 duration parameter로 통합하거나 서로 대체하지 않는다.",,,N,,2035-12
BIO_B_0064,BIO 2021,Gastroenterology (non-IBD),NDA/BLA→Approval,NDA/BLA,Approval,1.4,,,single,average/mean,년,"약물–적응증 development program이 해당 단계를 성공적으로 통과한 전환 1건의 소요기간. 해당 단계 개시에 관한 공개 공시부터 다음 단계 개시에 관한 공개 공시까지이며, 마지막 구간은 신청·승인 사건에 대응한다. 한 단계에 여러 임상시험이 포함될 수 있고 반드시 순차적으로 진행되지 않는다. 개별 clinical trial 1건의 시작→종료 기간이 아니다.","company-sponsored, FDA 등록용 development program. 해당 단계의 성공(advanced) 전환만 포함하며 중단 프로그램의 기간은 제외된다.",30.0,해당 단계의 기간 추정에 사용한 성공(advanced) 전환 건수 (successful/advanced transitions used for the phase duration estimate),2011-01-01~2020-11-30,p.25,Figure 17b,yes,direct,hold,"Wong의 시험 기간과는 관측 단위·통계량·시작과 종료 정의·분석 대상이 다르므로, 동일한 duration parameter로 통합하거나 서로 대체하지 않는다.",,,N,,2035-12
BIO_B_0065,BIO 2021,Gastroenterology (non-IBD),P1→Approval 총기간 지표,,,10.8,,,sum_of_phase_means,단계별 성공 전환 평균 기간의 합,년,각 단계의 성공 전환 평균 기간을 합쳐 Figure 17a에 제시한 원문 총기간 지표. 동일한 program cohort의 P1→Approval 총기간을 직접 관측한 평균이 아니다. 표시된 단계값을 다시 합산해 이 값을 대체하지 않는다.,"company-sponsored, FDA 등록용 development program. 해당 단계의 성공(advanced) 전환만 포함하며 중단 프로그램의 기간은 제외된다.",,,2011-01-01~2020-11-30,p.24,Figure 17a,yes,limited,hold,원문 Figure 17a의 표시값을 그대로 옮긴 값이다. 구성 단계값과 n의 출처는 p.25 Figure 17b로 구분한다. 원문이 고유 프로그램의 total-duration n을 제공하지 않으므로 reported_n은 비워 둔다.,,,N,,2035-12
BIO_B_0066,BIO 2021,Allergy,P1→P2,P1,P2,1.5,,,single,average/mean,년,"약물–적응증 development program이 해당 단계를 성공적으로 통과한 전환 1건의 소요기간. 해당 단계 개시에 관한 공개 공시부터 다음 단계 개시에 관한 공개 공시까지이며, 마지막 구간은 신청·승인 사건에 대응한다. 한 단계에 여러 임상시험이 포함될 수 있고 반드시 순차적으로 진행되지 않는다. 개별 clinical trial 1건의 시작→종료 기간이 아니다.","company-sponsored, FDA 등록용 development program. 해당 단계의 성공(advanced) 전환만 포함하며 중단 프로그램의 기간은 제외된다.",31.0,해당 단계의 기간 추정에 사용한 성공(advanced) 전환 건수 (successful/advanced transitions used for the phase duration estimate),2011-01-01~2020-11-30,p.25,Figure 17b,yes,direct,hold,"Wong의 시험 기간과는 관측 단위·통계량·시작과 종료 정의·분석 대상이 다르므로, 동일한 duration parameter로 통합하거나 서로 대체하지 않는다.",,,N,,2035-12
BIO_B_0067,BIO 2021,Allergy,P2→P3,P2,P3,3.8,,,single,average/mean,년,"약물–적응증 development program이 해당 단계를 성공적으로 통과한 전환 1건의 소요기간. 해당 단계 개시에 관한 공개 공시부터 다음 단계 개시에 관한 공개 공시까지이며, 마지막 구간은 신청·승인 사건에 대응한다. 한 단계에 여러 임상시험이 포함될 수 있고 반드시 순차적으로 진행되지 않는다. 개별 clinical trial 1건의 시작→종료 기간이 아니다.","company-sponsored, FDA 등록용 development program. 해당 단계의 성공(advanced) 전환만 포함하며 중단 프로그램의 기간은 제외된다.",26.0,해당 단계의 기간 추정에 사용한 성공(advanced) 전환 건수 (successful/advanced transitions used for the phase duration estimate),2011-01-01~2020-11-30,p.25,Figure 17b,yes,direct,hold,"Wong의 시험 기간과는 관측 단위·통계량·시작과 종료 정의·분석 대상이 다르므로, 동일한 duration parameter로 통합하거나 서로 대체하지 않는다.",,,N,,2035-12
BIO_B_0068,BIO 2021,Allergy,P3→NDA/BLA,P3,NDA/BLA,2.9,,,single,average/mean,년,"약물–적응증 development program이 해당 단계를 성공적으로 통과한 전환 1건의 소요기간. 해당 단계 개시에 관한 공개 공시부터 다음 단계 개시에 관한 공개 공시까지이며, 마지막 구간은 신청·승인 사건에 대응한다. 한 단계에 여러 임상시험이 포함될 수 있고 반드시 순차적으로 진행되지 않는다. 개별 clinical trial 1건의 시작→종료 기간이 아니다.","company-sponsored, FDA 등록용 development program. 해당 단계의 성공(advanced) 전환만 포함하며 중단 프로그램의 기간은 제외된다.",22.0,해당 단계의 기간 추정에 사용한 성공(advanced) 전환 건수 (successful/advanced transitions used for the phase duration estimate),2011-01-01~2020-11-30,p.25,Figure 17b,yes,direct,hold,"Wong의 시험 기간과는 관측 단위·통계량·시작과 종료 정의·분석 대상이 다르므로, 동일한 duration parameter로 통합하거나 서로 대체하지 않는다.",,,N,,2035-12
BIO_B_0069,BIO 2021,Allergy,NDA/BLA→Approval,NDA/BLA,Approval,1.1,,,single,average/mean,년,"약물–적응증 development program이 해당 단계를 성공적으로 통과한 전환 1건의 소요기간. 해당 단계 개시에 관한 공개 공시부터 다음 단계 개시에 관한 공개 공시까지이며, 마지막 구간은 신청·승인 사건에 대응한다. 한 단계에 여러 임상시험이 포함될 수 있고 반드시 순차적으로 진행되지 않는다. 개별 clinical trial 1건의 시작→종료 기간이 아니다.","company-sponsored, FDA 등록용 development program. 해당 단계의 성공(advanced) 전환만 포함하며 중단 프로그램의 기간은 제외된다.",20.0,해당 단계의 기간 추정에 사용한 성공(advanced) 전환 건수 (successful/advanced transitions used for the phase duration estimate),2011-01-01~2020-11-30,p.25,Figure 17b,yes,direct,hold,"Wong의 시험 기간과는 관측 단위·통계량·시작과 종료 정의·분석 대상이 다르므로, 동일한 duration parameter로 통합하거나 서로 대체하지 않는다.",,,N,,2035-12
BIO_B_0070,BIO 2021,Allergy,P1→Approval 총기간 지표,,,9.2,,,sum_of_phase_means,단계별 성공 전환 평균 기간의 합,년,각 단계의 성공 전환 평균 기간을 합쳐 Figure 17a에 제시한 원문 총기간 지표. 동일한 program cohort의 P1→Approval 총기간을 직접 관측한 평균이 아니다. 표시된 단계값을 다시 합산해 이 값을 대체하지 않는다.,"company-sponsored, FDA 등록용 development program. 해당 단계의 성공(advanced) 전환만 포함하며 중단 프로그램의 기간은 제외된다.",,,2011-01-01~2020-11-30,p.24,Figure 17a,yes,limited,hold,원문 Figure 17a의 표시값을 그대로 옮긴 값이다. 구성 단계값과 n의 출처는 p.25 Figure 17b로 구분한다. 원문이 고유 프로그램의 total-duration n을 제공하지 않으므로 reported_n은 비워 둔다.,,,N,,2035-12
BIO_B_0071,BIO 2021,Urology,P1→P2,P1,P2,2.7,,,single,average/mean,년,"약물–적응증 development program이 해당 단계를 성공적으로 통과한 전환 1건의 소요기간. 해당 단계 개시에 관한 공개 공시부터 다음 단계 개시에 관한 공개 공시까지이며, 마지막 구간은 신청·승인 사건에 대응한다. 한 단계에 여러 임상시험이 포함될 수 있고 반드시 순차적으로 진행되지 않는다. 개별 clinical trial 1건의 시작→종료 기간이 아니다.","company-sponsored, FDA 등록용 development program. 해당 단계의 성공(advanced) 전환만 포함하며 중단 프로그램의 기간은 제외된다.",9.0,해당 단계의 기간 추정에 사용한 성공(advanced) 전환 건수 (successful/advanced transitions used for the phase duration estimate),2011-01-01~2020-11-30,p.25,Figure 17b,yes,direct,hold,"기간 분석의 n이다. 성공확률 표(Figure 2·5b)의 n과 혼용하지 않는다. 특히 P2→P3 평균 5.0년은 성공 전환 6건에 근거한다. Wong의 시험 기간과는 관측 단위·통계량·시작과 종료 정의·분석 대상이 다르므로, 동일한 duration parameter로 통합하거나 서로 대체하지 않는다.",,,N,,2035-12
BIO_B_0072,BIO 2021,Urology,P2→P3,P2,P3,5.0,,,single,average/mean,년,"약물–적응증 development program이 해당 단계를 성공적으로 통과한 전환 1건의 소요기간. 해당 단계 개시에 관한 공개 공시부터 다음 단계 개시에 관한 공개 공시까지이며, 마지막 구간은 신청·승인 사건에 대응한다. 한 단계에 여러 임상시험이 포함될 수 있고 반드시 순차적으로 진행되지 않는다. 개별 clinical trial 1건의 시작→종료 기간이 아니다.","company-sponsored, FDA 등록용 development program. 해당 단계의 성공(advanced) 전환만 포함하며 중단 프로그램의 기간은 제외된다.",6.0,해당 단계의 기간 추정에 사용한 성공(advanced) 전환 건수 (successful/advanced transitions used for the phase duration estimate),2011-01-01~2020-11-30,p.25,Figure 17b,yes,direct,hold,"기간 분석의 n이다. 성공확률 표(Figure 2·5b)의 n과 혼용하지 않는다. 특히 P2→P3 평균 5.0년은 성공 전환 6건에 근거한다. Wong의 시험 기간과는 관측 단위·통계량·시작과 종료 정의·분석 대상이 다르므로, 동일한 duration parameter로 통합하거나 서로 대체하지 않는다.",,,N,,2035-12
BIO_B_0073,BIO 2021,Urology,P3→NDA/BLA,P3,NDA/BLA,2.9,,,single,average/mean,년,"약물–적응증 development program이 해당 단계를 성공적으로 통과한 전환 1건의 소요기간. 해당 단계 개시에 관한 공개 공시부터 다음 단계 개시에 관한 공개 공시까지이며, 마지막 구간은 신청·승인 사건에 대응한다. 한 단계에 여러 임상시험이 포함될 수 있고 반드시 순차적으로 진행되지 않는다. 개별 clinical trial 1건의 시작→종료 기간이 아니다.","company-sponsored, FDA 등록용 development program. 해당 단계의 성공(advanced) 전환만 포함하며 중단 프로그램의 기간은 제외된다.",9.0,해당 단계의 기간 추정에 사용한 성공(advanced) 전환 건수 (successful/advanced transitions used for the phase duration estimate),2011-01-01~2020-11-30,p.25,Figure 17b,yes,direct,hold,"기간 분석의 n이다. 성공확률 표(Figure 2·5b)의 n과 혼용하지 않는다. 특히 P2→P3 평균 5.0년은 성공 전환 6건에 근거한다. Wong의 시험 기간과는 관측 단위·통계량·시작과 종료 정의·분석 대상이 다르므로, 동일한 duration parameter로 통합하거나 서로 대체하지 않는다.",,,N,,2035-12
BIO_B_0074,BIO 2021,Urology,NDA/BLA→Approval,NDA/BLA,Approval,1.6,,,single,average/mean,년,"약물–적응증 development program이 해당 단계를 성공적으로 통과한 전환 1건의 소요기간. 해당 단계 개시에 관한 공개 공시부터 다음 단계 개시에 관한 공개 공시까지이며, 마지막 구간은 신청·승인 사건에 대응한다. 한 단계에 여러 임상시험이 포함될 수 있고 반드시 순차적으로 진행되지 않는다. 개별 clinical trial 1건의 시작→종료 기간이 아니다.","company-sponsored, FDA 등록용 development program. 해당 단계의 성공(advanced) 전환만 포함하며 중단 프로그램의 기간은 제외된다.",11.0,해당 단계의 기간 추정에 사용한 성공(advanced) 전환 건수 (successful/advanced transitions used for the phase duration estimate),2011-01-01~2020-11-30,p.25,Figure 17b,yes,direct,hold,"기간 분석의 n이다. 성공확률 표(Figure 2·5b)의 n과 혼용하지 않는다. 특히 P2→P3 평균 5.0년은 성공 전환 6건에 근거한다. Wong의 시험 기간과는 관측 단위·통계량·시작과 종료 정의·분석 대상이 다르므로, 동일한 duration parameter로 통합하거나 서로 대체하지 않는다.",,,N,,2035-12
BIO_B_0075,BIO 2021,Urology,P1→Approval 총기간 지표,,,12.2,,,sum_of_phase_means,단계별 성공 전환 평균 기간의 합,년,각 단계의 성공 전환 평균 기간을 합쳐 Figure 17a에 제시한 원문 총기간 지표. 동일한 program cohort의 P1→Approval 총기간을 직접 관측한 평균이 아니다. 표시된 단계값을 다시 합산해 이 값을 대체하지 않는다.,"company-sponsored, FDA 등록용 development program. 해당 단계의 성공(advanced) 전환만 포함하며 중단 프로그램의 기간은 제외된다.",,,2011-01-01~2020-11-30,p.24,Figure 17a,yes,limited,hold,원문 Figure 17a의 표시값을 그대로 옮긴 값이다. 구성 단계값과 n의 출처는 p.25 Figure 17b로 구분한다. 원문이 고유 프로그램의 total-duration n을 제공하지 않으므로 reported_n은 비워 둔다.,,,N,,2035-12
BIO_B_0076,BIO 2021,Others,P1→P2,P1,P2,1.9,,,single,average/mean,년,"약물–적응증 development program이 해당 단계를 성공적으로 통과한 전환 1건의 소요기간. 해당 단계 개시에 관한 공개 공시부터 다음 단계 개시에 관한 공개 공시까지이며, 마지막 구간은 신청·승인 사건에 대응한다. 한 단계에 여러 임상시험이 포함될 수 있고 반드시 순차적으로 진행되지 않는다. 개별 clinical trial 1건의 시작→종료 기간이 아니다.","company-sponsored, FDA 등록용 development program. 해당 단계의 성공(advanced) 전환만 포함하며 중단 프로그램의 기간은 제외된다.",98.0,해당 단계의 기간 추정에 사용한 성공(advanced) 전환 건수 (successful/advanced transitions used for the phase duration estimate),2011-01-01~2020-11-30,p.25,Figure 17b,yes,direct,hold,"Wong의 시험 기간과는 관측 단위·통계량·시작과 종료 정의·분석 대상이 다르므로, 동일한 duration parameter로 통합하거나 서로 대체하지 않는다.",,,N,,2035-12
BIO_B_0077,BIO 2021,Others,P2→P3,P2,P3,3.5,,,single,average/mean,년,"약물–적응증 development program이 해당 단계를 성공적으로 통과한 전환 1건의 소요기간. 해당 단계 개시에 관한 공개 공시부터 다음 단계 개시에 관한 공개 공시까지이며, 마지막 구간은 신청·승인 사건에 대응한다. 한 단계에 여러 임상시험이 포함될 수 있고 반드시 순차적으로 진행되지 않는다. 개별 clinical trial 1건의 시작→종료 기간이 아니다.","company-sponsored, FDA 등록용 development program. 해당 단계의 성공(advanced) 전환만 포함하며 중단 프로그램의 기간은 제외된다.",88.0,해당 단계의 기간 추정에 사용한 성공(advanced) 전환 건수 (successful/advanced transitions used for the phase duration estimate),2011-01-01~2020-11-30,p.25,Figure 17b,yes,direct,hold,"Wong의 시험 기간과는 관측 단위·통계량·시작과 종료 정의·분석 대상이 다르므로, 동일한 duration parameter로 통합하거나 서로 대체하지 않는다.",,,N,,2035-12
BIO_B_0078,BIO 2021,Others,P3→NDA/BLA,P3,NDA/BLA,3.2,,,single,average/mean,년,"약물–적응증 development program이 해당 단계를 성공적으로 통과한 전환 1건의 소요기간. 해당 단계 개시에 관한 공개 공시부터 다음 단계 개시에 관한 공개 공시까지이며, 마지막 구간은 신청·승인 사건에 대응한다. 한 단계에 여러 임상시험이 포함될 수 있고 반드시 순차적으로 진행되지 않는다. 개별 clinical trial 1건의 시작→종료 기간이 아니다.","company-sponsored, FDA 등록용 development program. 해당 단계의 성공(advanced) 전환만 포함하며 중단 프로그램의 기간은 제외된다.",54.0,해당 단계의 기간 추정에 사용한 성공(advanced) 전환 건수 (successful/advanced transitions used for the phase duration estimate),2011-01-01~2020-11-30,p.25,Figure 17b,yes,direct,hold,"Wong의 시험 기간과는 관측 단위·통계량·시작과 종료 정의·분석 대상이 다르므로, 동일한 duration parameter로 통합하거나 서로 대체하지 않는다.",,,N,,2035-12
BIO_B_0079,BIO 2021,Others,NDA/BLA→Approval,NDA/BLA,Approval,1.8,,,single,average/mean,년,"약물–적응증 development program이 해당 단계를 성공적으로 통과한 전환 1건의 소요기간. 해당 단계 개시에 관한 공개 공시부터 다음 단계 개시에 관한 공개 공시까지이며, 마지막 구간은 신청·승인 사건에 대응한다. 한 단계에 여러 임상시험이 포함될 수 있고 반드시 순차적으로 진행되지 않는다. 개별 clinical trial 1건의 시작→종료 기간이 아니다.","company-sponsored, FDA 등록용 development program. 해당 단계의 성공(advanced) 전환만 포함하며 중단 프로그램의 기간은 제외된다.",61.0,해당 단계의 기간 추정에 사용한 성공(advanced) 전환 건수 (successful/advanced transitions used for the phase duration estimate),2011-01-01~2020-11-30,p.25,Figure 17b,yes,direct,hold,"Wong의 시험 기간과는 관측 단위·통계량·시작과 종료 정의·분석 대상이 다르므로, 동일한 duration parameter로 통합하거나 서로 대체하지 않는다.",,,N,,2035-12
BIO_B_0080,BIO 2021,Others,P1→Approval 총기간 지표,,,10.5,,,sum_of_phase_means,단계별 성공 전환 평균 기간의 합,년,각 단계의 성공 전환 평균 기간을 합쳐 Figure 17a에 제시한 원문 총기간 지표. 동일한 program cohort의 P1→Approval 총기간을 직접 관측한 평균이 아니다. 표시된 단계값을 다시 합산해 이 값을 대체하지 않는다.,"company-sponsored, FDA 등록용 development program. 해당 단계의 성공(advanced) 전환만 포함하며 중단 프로그램의 기간은 제외된다.",,,2011-01-01~2020-11-30,p.24,Figure 17a,yes,limited,hold,원문 Figure 17a의 표시값을 그대로 옮긴 값이다. 구성 단계값과 n의 출처는 p.25 Figure 17b로 구분한다. 원문이 고유 프로그램의 total-duration n을 제공하지 않으므로 reported_n은 비워 둔다.,,,N,,2035-12
WONG_B_0001,Wong 2019,Overall,P1,,,1.6,,,single,median,년,"개별 clinical trial 1건의 start→end median duration. phase 전체 기간, 다음 단계까지 걸리는 기간, 현재부터 결과까지 남은 기간, phase duration의 하한선 중 어느 것으로도 사용하지 않는다.","시작·종료 날짜가 확보된 시험으로 한정한 기간 분석 자료(보충자료 A11, 99,363 trials). 산업 한정 여부는 원문에 명시되지 않아 미확정.",,,2000-01-01~2015-10-31,p.284 §4.5,보충자료 A11,yes,,limited,"보충자료 정밀값 1.61년. 성공확률 분석의 종료일 보정(59,208건)과 달리 기간 분석은 날짜 없는 기록을 제외했다. BIO의 단계 전환 기간과는 관측 단위·통계량·시작과 종료 정의·분석 대상이 다르므로, 동일한 duration parameter로 통합하거나 서로 대체하지 않는다.",전체,detail,N,,2030-12
WONG_B_0002,Wong 2019,Overall,P2,,,2.9,,,single,median,년,"개별 clinical trial 1건의 start→end median duration. phase 전체 기간, 다음 단계까지 걸리는 기간, 현재부터 결과까지 남은 기간, phase duration의 하한선 중 어느 것으로도 사용하지 않는다.","시작·종료 날짜가 확보된 시험으로 한정한 기간 분석 자료(보충자료 A11, 99,363 trials). 산업 한정 여부는 원문에 명시되지 않아 미확정.",,,2000-01-01~2015-10-31,p.284 §4.5,보충자료 A11,yes,,limited,"보충자료 정밀값 2.94년. 경로당 평균 시험 수(2.0건)를 곱하지 않는다. BIO의 단계 전환 기간과는 관측 단위·통계량·시작과 종료 정의·분석 대상이 다르므로, 동일한 duration parameter로 통합하거나 서로 대체하지 않는다.",전체,detail,N,,2030-12
WONG_B_0003,Wong 2019,Overall,P3,,,3.8,,,single,median,년,"개별 clinical trial 1건의 start→end median duration. phase 전체 기간, 다음 단계까지 걸리는 기간, 현재부터 결과까지 남은 기간, phase duration의 하한선 중 어느 것으로도 사용하지 않는다.","시작·종료 날짜가 확보된 시험으로 한정한 기간 분석 자료(보충자료 A11, 99,363 trials). 산업 한정 여부는 원문에 명시되지 않아 미확정.",,,2000-01-01~2015-10-31,p.284 §4.5,보충자료 A11,yes,,limited,"보충자료 정밀값 3.84년. 승인 심사 기간을 포함하지 않는다. BIO의 단계 전환 기간과는 관측 단위·통계량·시작과 종료 정의·분석 대상이 다르므로, 동일한 duration parameter로 통합하거나 서로 대체하지 않는다.",전체,detail,N,,2030-12
WONG_B_0004,Wong 2019,Oncology,P1~P3,,,13.1,,,sum_of_phase_medians,단계별 trial median duration의 합,년,단계별 개별 임상시험 중앙기간의 합. development program total duration이 아니다.,Oncology 기간 분석 자료.,,,2000-01-01~2015-10-31,p.284 §4.5,보충자료 A11,yes,,limited,단계별 중앙값의 합은 총기간의 중앙값과 같지 않다. 질환군 비교 설명용으로만 사용한다.,항암,detail,N,,2030-12
WONG_B_0005,Wong 2019,All without oncology (치료영역별 범위),P1~P3,,,,5.9,7.2,range,단계별 trial median duration 합산 지표의 범위,년,비항암 치료영역별 단계 중앙기간 합의 범위. development program total duration이 아니다.,여러 비항암 치료영역.,,,2000-01-01~2015-10-31,p.284 §4.5,—,yes,,limited,"비항암 전체의 단일 중앙값이나 신뢰구간이 아니다.; 9/22 재분류_C 반영으로 v0.5 보류 해제(buyo_disease_group=전체, duration_default_rule=detail)",전체,detail,N,,2030-12
WONG_B_0006,Wong 2019,Overall — terminated vs advanced,P2,,,-8.1,,,difference,종료 상태별 시험 기간 차이 (중단군이 짧음),개월,최종 진행 여부로 나눈 개별 시험 기간의 차이. 음수 기간이 아니라 두 집단의 차이다.,terminated/advanced로 분류된 P2 시험.,,,2000-01-01~2015-10-31,p.284 §4.5,—,yes,,limited,"보조 설명에만 사용한다. 결과 발표일 예측 보정계수가 아니다.; 9/22 재분류_C 반영으로 v0.5 보류 해제(buyo_disease_group=전체, duration_default_rule=detail)",전체,detail,N,,2030-12
WONG_B_0007,Wong 2019,Overall — terminated vs advanced,P3,,,3.2,,,difference,종료 상태별 시험 기간 차이 (중단군이 김),개월,최종 진행 여부로 나눈 개별 시험 기간의 차이. 두 집단의 차이다.,terminated/advanced로 분류된 P3 시험.,,,2000-01-01~2015-10-31,p.284 §4.5,—,yes,,limited,"보조 설명에만 사용한다. 인과효과나 예측 보정계수가 아니다.; 9/22 재분류_C 반영으로 v0.5 보류 해제(buyo_disease_group=전체, duration_default_rule=detail)",전체,detail,N,,2030-12
WONG_B_0008,Wong 2019,Overall,P3 종료→Approval,,,30.0,,,assumption,알고리즘 가정값,개월,종료 여부 판정 임계치(t3=900일) 설정을 위한 저자의 가정. NDA 준비 6개월 + FDA 후속 결정 6개월 + 판단 18개월.,실측 표본 없음.,,,2000-01-01~2015-10-31,p.277 §3,—,yes,,hold,관측값이 아니므로 실측 기간 데이터에 넣지 않는다. 알고리즘 설명에만 사용한다.,전체,detail,N,,2030-12
