record_id,source,cost_kind,phase,source_ta_label,buyo_disease_group,region,design_condition,statistic,value,unit,currency_year,n,source_page_fig,data_period,trust_tier,mapping_status,source_verified,valid_until,note
F04-MO-0001,Moore 2018,trial_cost,P3(pivotal),all,전체,US/global,all,median,19.0,USD_million,2017,138 trials / 59 agents,Key Points; Abstract Results; Table 2,FDA 승인 2015-2016,2,direct,primary_confirmed,2031-12,"IQR 12.2~33.1. 승인 시험만 포함(실패 시험 비용 제외). IQVIA CostPro 추정치(실제 계약가 아님), 직전 2년 계약 미조정 달러"
F04-MO-0002,Moore 2018,cost_per_patient,P3(pivotal),all,전체,US/global,all,median,41117,USD,2017,138 trials,Results: Overall Cost Estimates,FDA 승인 2015-2016,2,direct,primary_confirmed,2031-12,"환자 1인당 직접비 중앙값(IQR 31,802~82,362). 총 시험비÷등록환자. 설계안 경로(FE-A03)의 기본 단가 후보"
F04-MO-0003,Moore 2018,cost_per_visit,P3(pivotal),all,전체,US/global,all,median,3562,USD,2017,138 trials,Results: Overall Cost Estimates,FDA 승인 2015-2016,2,direct,primary_confirmed,2031-12,"방문 1회당 중앙값(IQR 2,583~4,682)"
F04-MO-0004,Moore 2018,trial_cost,P3(pivotal),all,전체,US/global,comparator=none(single_arm),mean,13.5,USD_million,2017,26 trials (18.8%),Table 2; Results: Type of Trial Control,FDA 승인 2015-2016,2,direct,primary_confirmed,2031-12,대조군 없음. 95% CI 10.1~16.9
F04-MO-0005,Moore 2018,trial_cost,P3(pivotal),all,전체,US/global,comparator=placebo,mean,28.8,USD_million,2017,77 trials (55.8%),Table 2,FDA 승인 2015-2016,2,direct,primary_confirmed,2031-12,95% CI 21.0~36.7
F04-MO-0006,Moore 2018,trial_cost,P3(pivotal),all,전체,US/global,comparator=active,mean,48.9,USD_million,2017,35 trials (25.4%),Table 2,FDA 승인 2015-2016,2,direct,primary_confirmed,2031-12,95% CI 35.0~62.7
F04-MO-0007,Moore 2018,trial_cost,P3(pivotal),all,전체,US/global,enrollment<=100,mean,5.9,USD_million,2017,8 trials,Table 2; Results: Patient Enrollment,FDA 승인 2015-2016,2,direct,primary_confirmed,2031-12,원문은 평균(95% CI 4.8~7.0). v0_1의 median 표기 정정
F04-MO-0008,Moore 2018,trial_cost,P3(pivotal),all,전체,US/global,enrollment>1000,mean,77.2,USD_million,2017,21 trials,Table 2,FDA 승인 2015-2016,2,direct,primary_confirmed,2031-12,원문은 평균(95% CI 55.8~98.6). v0_1의 median 표기 정정
F04-MO-0009,Moore 2018,trial_cost,P3(pivotal),all,전체,US/global,treatment_duration<=26wk,mean,19.7,USD_million,2017,89 trials,Table 2; Results: Duration of Treatment,FDA 승인 2015-2016,2,direct,primary_confirmed,2031-12,원문은 평균(95% CI 14.6~24.7). v0_1의 median 표기 정정
F04-MO-0010,Moore 2018,trial_cost,P3(pivotal),all,전체,US/global,treatment_duration>26wk,mean,51.7,USD_million,2017,49 trials,Table 2,FDA 승인 2015-2016,2,direct,primary_confirmed,2031-12,원문은 평균(95% CI 36.9~66.4). v0_1의 median 표기 정정
F04-MO-0011,Moore 2018,trial_cost,P3(pivotal),all,전체,US/global,endpoint=surrogate,mean,24.0,USD_million,2017,73 trials,Table 2; Results: Type of End Point,FDA 승인 2015-2016,2,direct,primary_confirmed,2031-12,원문 확인 완료. 95% CI 17.7~30.4
F04-MO-0012,Moore 2018,trial_cost,P3(pivotal),all,전체,US/global,endpoint=clinical,mean,64.7,USD_million,2017,27 trials,Table 2; Results: Type of End Point,FDA 승인 2015-2016,2,direct,primary_confirmed,2031-12,원문 확인: 64.7(2차 요약 65.0 정정). 95% CI 46.6~82.9
F04-MO-0013,Moore 2018,trial_cost,P3(pivotal),cardiovascular,심혈관,US/global,all,mean,157.2,USD_million,2017,5 trials / 5 agents,Table 2,FDA 승인 2015-2016,2,direct,primary_confirmed,2031-12,원문 확인: 157.2(95% CI 113.5~200.9). 최대 346.8M(sacubitril-valsartan 비열등성) 포함
F04-MA-0001,Martin 2017,trial_cost,P1,all,전체,global(7 top-20 pharma),all,median,3.4,USD_million,2015,189 Phase I trials,"본문 Fig.1(유료, 미열람) — 2차 요약; 표본·기간·통화연도는 Supplementary Box S1(공개) 원문 확인",2010-2015(CTR 2012-2015),3,limited,secondary_summary,2030-12,"중앙값 자체는 2차 요약(clinicaltrialrisk.org, bioin.or.kr KDDF 기고) 유지 → tier 3. Box S1 원문: 7개 top-20 제약사 726건, 2015년 달러 환산, 완료 시험 기준. 치료영역별 값: 미확인(본문 유료). 대형사 편향"
F04-MA-0002,Martin 2017,trial_cost,P2,all,전체,global(7 top-20 pharma),all,median,8.6,USD_million,2015,264 Phase II trials,"본문 Fig.1(유료, 미열람) — 2차 요약; 표본·기간·통화연도는 Supplementary Box S1(공개) 원문 확인",2010-2015(CTR 2012-2015),3,limited,secondary_summary,2030-12,"중앙값 자체는 2차 요약(clinicaltrialrisk.org, bioin.or.kr KDDF 기고) 유지 → tier 3. Box S1 원문: 7개 top-20 제약사 726건, 2015년 달러 환산, 완료 시험 기준. 치료영역별 값: 미확인(본문 유료). 대형사 편향"
F04-MA-0003,Martin 2017,trial_cost,P3,all,전체,global(7 top-20 pharma),all,median,21.4,USD_million,2015,273 Phase III trials,"본문 Fig.1(유료, 미열람) — 2차 요약; 표본·기간·통화연도는 Supplementary Box S1(공개) 원문 확인",2010-2015(CTR 2012-2015),3,limited,secondary_summary,2030-12,"중앙값 자체는 2차 요약(clinicaltrialrisk.org, bioin.or.kr KDDF 기고) 유지 → tier 3. Box S1 원문: 7개 top-20 제약사 726건, 2015년 달러 환산, 완료 시험 기준. 치료영역별 값: 미확인(본문 유료). 대형사 편향"
F04-SE-0001,Sertkaya 2016,trial_cost,P1,pain_anesthesia,기타,US,all,mean,1.4,USD_million,2004-2012,,ASPE/ERG 2014 report Table 1 p.3-3,PICAS 2004-2012,2,direct,primary_confirmed,2029-12,P1 최소 TA
F04-SE-0002,Sertkaya 2016,trial_cost,P1,immunomodulation,기타,US,all,mean,6.6,USD_million,2004-2012,,ASPE/ERG 2014 report Table 1 p.3-3,PICAS 2004-2012,2,direct,primary_confirmed,2029-12,P1 최대 TA
F04-SE-0003,Sertkaya 2016,trial_cost,P2,cardiovascular,심혈관,US,all,mean,7.0,USD_million,2004-2012,,ASPE/ERG 2014 report Table 1 p.3-3,PICAS 2004-2012,2,direct,primary_confirmed,2029-12,P2 최소 TA
F04-SE-0004,Sertkaya 2016,trial_cost,P2,hematology,기타,US,all,mean,19.6,USD_million,2004-2012,,ASPE/ERG 2014 report Table 1 p.3-3,PICAS 2004-2012,2,direct,primary_confirmed,2029-12,P2 최대 TA
F04-SE-0005,Sertkaya 2016,trial_cost,P3,dermatology,기타,US,all,mean,11.5,USD_million,2004-2012,,ASPE/ERG 2014 report Table 1 p.3-3,PICAS 2004-2012,2,direct,primary_confirmed,2029-12,P3 최소 TA
F04-SE-0006,Sertkaya 2016,trial_cost,P3,pain_anesthesia,기타,US,all,mean,52.9,USD_million,2004-2012,,ASPE/ERG 2014 report Table 1 p.3-3,PICAS 2004-2012,2,direct,primary_confirmed,2029-12,P3 최대 TA
F04-SE-0007,Sertkaya 2016,cost_share,P1-P3,all,전체,US,clinical_procedures,range_pct,15-22,%,2004-2012,,ASPE/ERG 2014 report Executive Summary p.viii; Table 2 p.3-6; 3.4 p.3-7,PICAS 2004-2012,2,direct,primary_confirmed,2029-12,비용 구성비
F04-SE-0008,Sertkaya 2016,cost_share,P1-P3,all,전체,US,administrative_staff,range_pct,11-29,%,2004-2012,,ASPE/ERG 2014 report Executive Summary p.viii; Table 2 p.3-6,PICAS 2004-2012,2,direct,primary_confirmed,2029-12,
F04-SE-0009,Sertkaya 2016,cost_share,P1-P3,all,전체,US,site_monitoring,range_pct,9-14,%,2004-2012,,ASPE/ERG 2014 report Executive Summary p.viii; Table 2 p.3-6,PICAS 2004-2012,2,direct,primary_confirmed,2029-12,
F04-SE-0010,Sertkaya 2016,cost_saving,P1,all,전체,US,lower_cost_facilities/in_home,max_saving,0.8,USD_million,2004-2012,,ASPE/ERG 2014 report Executive Summary p.xiii,PICAS 2004-2012,2,limited,primary_confirmed,2029-12,"원문: 최대 $0.8M(P1, 최대 16%), $4.3M(P2, 22%), $9.1M(P3, 17%) 절감. 설계 옵션 참고"
F04-SE-1001,Sertkaya 2016,trial_cost,P1,oncology,항암,US,all,mean,4.5,USD_million,2004-2012,,ASPE/ERG 2014 'Examination of Clinical Trial Costs and Barriers for Drug Development' Table 1 (p.3-3),PICAS 2004-2012,2,direct,primary_confirmed,2029-12,"시험당 평균 비용만 원문 표에 있음. 환자당 비용·사이트 수·환자 수: 미확인(보고서 본문·부록 B에 TA×Phase 값 없음; 계약 건수는 기밀로 미공개 p.3-4 각주11). 2004-2012 계약 데이터, 인플레 미조정(p.2-9). 대안: F04-AS-1xxx(ASPE 2024) 환자당 비용·환자 수 참조"
F04-SE-1002,Sertkaya 2016,trial_cost,P2,oncology,항암,US,all,mean,11.2,USD_million,2004-2012,,ASPE/ERG 2014 'Examination of Clinical Trial Costs and Barriers for Drug Development' Table 1 (p.3-3),PICAS 2004-2012,2,direct,primary_confirmed,2029-12,"시험당 평균 비용만 원문 표에 있음. 환자당 비용·사이트 수·환자 수: 미확인(보고서 본문·부록 B에 TA×Phase 값 없음; 계약 건수는 기밀로 미공개 p.3-4 각주11). 2004-2012 계약 데이터, 인플레 미조정(p.2-9). 대안: F04-AS-1xxx(ASPE 2024) 환자당 비용·환자 수 참조"
F04-SE-1003,Sertkaya 2016,trial_cost,P3,oncology,항암,US,all,mean,22.1,USD_million,2004-2012,,ASPE/ERG 2014 'Examination of Clinical Trial Costs and Barriers for Drug Development' Table 1 (p.3-3),PICAS 2004-2012,2,direct,primary_confirmed,2029-12,"시험당 평균 비용만 원문 표에 있음. 환자당 비용·사이트 수·환자 수: 미확인(보고서 본문·부록 B에 TA×Phase 값 없음; 계약 건수는 기밀로 미공개 p.3-4 각주11). 2004-2012 계약 데이터, 인플레 미조정(p.2-9). 대안: F04-AS-1xxx(ASPE 2024) 환자당 비용·환자 수 참조"
F04-SE-1004,Sertkaya 2016,trial_cost,P1,anti-infective,감염,US,all,mean,4.2,USD_million,2004-2012,,ASPE/ERG 2014 'Examination of Clinical Trial Costs and Barriers for Drug Development' Table 1 (p.3-3),PICAS 2004-2012,2,direct,primary_confirmed,2029-12,"시험당 평균 비용만 원문 표에 있음. 환자당 비용·사이트 수·환자 수: 미확인(보고서 본문·부록 B에 TA×Phase 값 없음; 계약 건수는 기밀로 미공개 p.3-4 각주11). 2004-2012 계약 데이터, 인플레 미조정(p.2-9). 대안: F04-AS-1xxx(ASPE 2024) 환자당 비용·환자 수 참조"
F04-SE-1005,Sertkaya 2016,trial_cost,P2,anti-infective,감염,US,all,mean,14.2,USD_million,2004-2012,,ASPE/ERG 2014 'Examination of Clinical Trial Costs and Barriers for Drug Development' Table 1 (p.3-3),PICAS 2004-2012,2,direct,primary_confirmed,2029-12,"시험당 평균 비용만 원문 표에 있음. 환자당 비용·사이트 수·환자 수: 미확인(보고서 본문·부록 B에 TA×Phase 값 없음; 계약 건수는 기밀로 미공개 p.3-4 각주11). 2004-2012 계약 데이터, 인플레 미조정(p.2-9). 대안: F04-AS-1xxx(ASPE 2024) 환자당 비용·환자 수 참조"
F04-SE-1006,Sertkaya 2016,trial_cost,P3,anti-infective,감염,US,all,mean,22.8,USD_million,2004-2012,,ASPE/ERG 2014 'Examination of Clinical Trial Costs and Barriers for Drug Development' Table 1 (p.3-3),PICAS 2004-2012,2,direct,primary_confirmed,2029-12,"시험당 평균 비용만 원문 표에 있음. 환자당 비용·사이트 수·환자 수: 미확인(보고서 본문·부록 B에 TA×Phase 값 없음; 계약 건수는 기밀로 미공개 p.3-4 각주11). 2004-2012 계약 데이터, 인플레 미조정(p.2-9). 대안: F04-AS-1xxx(ASPE 2024) 환자당 비용·환자 수 참조"
F04-SE-1007,Sertkaya 2016,trial_cost,P1,central_nervous_system,중추신경(신경),US,all,mean,3.9,USD_million,2004-2012,,ASPE/ERG 2014 'Examination of Clinical Trial Costs and Barriers for Drug Development' Table 1 (p.3-3),PICAS 2004-2012,2,direct,primary_confirmed,2029-12,"시험당 평균 비용만 원문 표에 있음. 환자당 비용·사이트 수·환자 수: 미확인(보고서 본문·부록 B에 TA×Phase 값 없음; 계약 건수는 기밀로 미공개 p.3-4 각주11). 2004-2012 계약 데이터, 인플레 미조정(p.2-9). 대안: F04-AS-1xxx(ASPE 2024) 환자당 비용·환자 수 참조"
F04-SE-1008,Sertkaya 2016,trial_cost,P2,central_nervous_system,중추신경(신경),US,all,mean,13.9,USD_million,2004-2012,,ASPE/ERG 2014 'Examination of Clinical Trial Costs and Barriers for Drug Development' Table 1 (p.3-3),PICAS 2004-2012,2,direct,primary_confirmed,2029-12,"시험당 평균 비용만 원문 표에 있음. 환자당 비용·사이트 수·환자 수: 미확인(보고서 본문·부록 B에 TA×Phase 값 없음; 계약 건수는 기밀로 미공개 p.3-4 각주11). 2004-2012 계약 데이터, 인플레 미조정(p.2-9). 대안: F04-AS-1xxx(ASPE 2024) 환자당 비용·환자 수 참조"
F04-SE-1009,Sertkaya 2016,trial_cost,P3,central_nervous_system,중추신경(신경),US,all,mean,19.2,USD_million,2004-2012,,ASPE/ERG 2014 'Examination of Clinical Trial Costs and Barriers for Drug Development' Table 1 (p.3-3),PICAS 2004-2012,2,direct,primary_confirmed,2029-12,"시험당 평균 비용만 원문 표에 있음. 환자당 비용·사이트 수·환자 수: 미확인(보고서 본문·부록 B에 TA×Phase 값 없음; 계약 건수는 기밀로 미공개 p.3-4 각주11). 2004-2012 계약 데이터, 인플레 미조정(p.2-9). 대안: F04-AS-1xxx(ASPE 2024) 환자당 비용·환자 수 참조"
F04-SE-1010,Sertkaya 2016,trial_cost,P1,psychiatry,중추신경(정신),US,all,mean,,USD_million,2004-2012,,ASPE/ERG 2014 'Examination of Clinical Trial Costs and Barriers for Drug Development' Table 1 (p.3-3),PICAS 2004-2012,2,not_available,primary_confirmed,2029-12,미확인: ASPE 2014 Table 1(p.3-3)·Medidata TA 목록(p.2-9~2-10)에 psychiatry 항목 없음(CNS로 통합). 시도한 출처: ASPE 2014 본문 전체
F04-SE-1011,Sertkaya 2016,trial_cost,P2,psychiatry,중추신경(정신),US,all,mean,,USD_million,2004-2012,,ASPE/ERG 2014 'Examination of Clinical Trial Costs and Barriers for Drug Development' Table 1 (p.3-3),PICAS 2004-2012,2,not_available,primary_confirmed,2029-12,미확인: ASPE 2014 Table 1(p.3-3)·Medidata TA 목록(p.2-9~2-10)에 psychiatry 항목 없음(CNS로 통합). 시도한 출처: ASPE 2014 본문 전체
F04-SE-1012,Sertkaya 2016,trial_cost,P3,psychiatry,중추신경(정신),US,all,mean,,USD_million,2004-2012,,ASPE/ERG 2014 'Examination of Clinical Trial Costs and Barriers for Drug Development' Table 1 (p.3-3),PICAS 2004-2012,2,not_available,primary_confirmed,2029-12,미확인: ASPE 2014 Table 1(p.3-3)·Medidata TA 목록(p.2-9~2-10)에 psychiatry 항목 없음(CNS로 통합). 시도한 출처: ASPE 2014 본문 전체
F04-SE-1013,Sertkaya 2016,trial_cost,P1,endocrine,대사·내분비,US,all,mean,1.4,USD_million,2004-2012,,ASPE/ERG 2014 'Examination of Clinical Trial Costs and Barriers for Drug Development' Table 1 (p.3-3),PICAS 2004-2012,2,direct,primary_confirmed,2029-12,"시험당 평균 비용만 원문 표에 있음. 환자당 비용·사이트 수·환자 수: 미확인(보고서 본문·부록 B에 TA×Phase 값 없음; 계약 건수는 기밀로 미공개 p.3-4 각주11). 2004-2012 계약 데이터, 인플레 미조정(p.2-9). 대안: F04-AS-1xxx(ASPE 2024) 환자당 비용·환자 수 참조"
F04-SE-1014,Sertkaya 2016,trial_cost,P2,endocrine,대사·내분비,US,all,mean,12.1,USD_million,2004-2012,,ASPE/ERG 2014 'Examination of Clinical Trial Costs and Barriers for Drug Development' Table 1 (p.3-3),PICAS 2004-2012,2,direct,primary_confirmed,2029-12,"시험당 평균 비용만 원문 표에 있음. 환자당 비용·사이트 수·환자 수: 미확인(보고서 본문·부록 B에 TA×Phase 값 없음; 계약 건수는 기밀로 미공개 p.3-4 각주11). 2004-2012 계약 데이터, 인플레 미조정(p.2-9). 대안: F04-AS-1xxx(ASPE 2024) 환자당 비용·환자 수 참조"
F04-SE-1015,Sertkaya 2016,trial_cost,P3,endocrine,대사·내분비,US,all,mean,17.0,USD_million,2004-2012,,ASPE/ERG 2014 'Examination of Clinical Trial Costs and Barriers for Drug Development' Table 1 (p.3-3),PICAS 2004-2012,2,direct,primary_confirmed,2029-12,"시험당 평균 비용만 원문 표에 있음. 환자당 비용·사이트 수·환자 수: 미확인(보고서 본문·부록 B에 TA×Phase 값 없음; 계약 건수는 기밀로 미공개 p.3-4 각주11). 2004-2012 계약 데이터, 인플레 미조정(p.2-9). 대안: F04-AS-1xxx(ASPE 2024) 환자당 비용·환자 수 참조"
F04-SE-1016,Sertkaya 2016,trial_cost,P1,cardiovascular,심혈관,US,all,mean,2.2,USD_million,2004-2012,,ASPE/ERG 2014 'Examination of Clinical Trial Costs and Barriers for Drug Development' Table 1 (p.3-3),PICAS 2004-2012,2,direct,primary_confirmed,2029-12,"시험당 평균 비용만 원문 표에 있음. 환자당 비용·사이트 수·환자 수: 미확인(보고서 본문·부록 B에 TA×Phase 값 없음; 계약 건수는 기밀로 미공개 p.3-4 각주11). 2004-2012 계약 데이터, 인플레 미조정(p.2-9). 대안: F04-AS-1xxx(ASPE 2024) 환자당 비용·환자 수 참조"
F04-SE-1017,Sertkaya 2016,trial_cost,P2,cardiovascular,심혈관,US,all,mean,7.0,USD_million,2004-2012,,ASPE/ERG 2014 'Examination of Clinical Trial Costs and Barriers for Drug Development' Table 1 (p.3-3),PICAS 2004-2012,2,direct,primary_confirmed,2029-12,"시험당 평균 비용만 원문 표에 있음. 환자당 비용·사이트 수·환자 수: 미확인(보고서 본문·부록 B에 TA×Phase 값 없음; 계약 건수는 기밀로 미공개 p.3-4 각주11). 2004-2012 계약 데이터, 인플레 미조정(p.2-9). 대안: F04-AS-1xxx(ASPE 2024) 환자당 비용·환자 수 참조"
F04-SE-1018,Sertkaya 2016,trial_cost,P3,cardiovascular,심혈관,US,all,mean,25.2,USD_million,2004-2012,,ASPE/ERG 2014 'Examination of Clinical Trial Costs and Barriers for Drug Development' Table 1 (p.3-3),PICAS 2004-2012,2,direct,primary_confirmed,2029-12,"시험당 평균 비용만 원문 표에 있음. 환자당 비용·사이트 수·환자 수: 미확인(보고서 본문·부록 B에 TA×Phase 값 없음; 계약 건수는 기밀로 미공개 p.3-4 각주11). 2004-2012 계약 데이터, 인플레 미조정(p.2-9). 대안: F04-AS-1xxx(ASPE 2024) 환자당 비용·환자 수 참조"
F04-SE-1019,Sertkaya 2016,trial_cost,P1,respiratory,기타,US,all,mean,5.2,USD_million,2004-2012,,ASPE/ERG 2014 'Examination of Clinical Trial Costs and Barriers for Drug Development' Table 1 (p.3-3),PICAS 2004-2012,2,direct,primary_confirmed,2029-12,"시험당 평균 비용만 원문 표에 있음. 환자당 비용·사이트 수·환자 수: 미확인(보고서 본문·부록 B에 TA×Phase 값 없음; 계약 건수는 기밀로 미공개 p.3-4 각주11). 2004-2012 계약 데이터, 인플레 미조정(p.2-9). 대안: F04-AS-1xxx(ASPE 2024) 환자당 비용·환자 수 참조"
F04-SE-1020,Sertkaya 2016,trial_cost,P2,respiratory,기타,US,all,mean,12.2,USD_million,2004-2012,,ASPE/ERG 2014 'Examination of Clinical Trial Costs and Barriers for Drug Development' Table 1 (p.3-3),PICAS 2004-2012,2,direct,primary_confirmed,2029-12,"시험당 평균 비용만 원문 표에 있음. 환자당 비용·사이트 수·환자 수: 미확인(보고서 본문·부록 B에 TA×Phase 값 없음; 계약 건수는 기밀로 미공개 p.3-4 각주11). 2004-2012 계약 데이터, 인플레 미조정(p.2-9). 대안: F04-AS-1xxx(ASPE 2024) 환자당 비용·환자 수 참조"
F04-SE-1021,Sertkaya 2016,trial_cost,P3,respiratory,기타,US,all,mean,23.1,USD_million,2004-2012,,ASPE/ERG 2014 'Examination of Clinical Trial Costs and Barriers for Drug Development' Table 1 (p.3-3),PICAS 2004-2012,2,direct,primary_confirmed,2029-12,"시험당 평균 비용만 원문 표에 있음. 환자당 비용·사이트 수·환자 수: 미확인(보고서 본문·부록 B에 TA×Phase 값 없음; 계약 건수는 기밀로 미공개 p.3-4 각주11). 2004-2012 계약 데이터, 인플레 미조정(p.2-9). 대안: F04-AS-1xxx(ASPE 2024) 환자당 비용·환자 수 참조"
F04-SE-1022,Sertkaya 2016,trial_cost,P1,gastrointestinal,기타,US,all,mean,2.4,USD_million,2004-2012,,ASPE/ERG 2014 'Examination of Clinical Trial Costs and Barriers for Drug Development' Table 1 (p.3-3),PICAS 2004-2012,2,direct,primary_confirmed,2029-12,"시험당 평균 비용만 원문 표에 있음. 환자당 비용·사이트 수·환자 수: 미확인(보고서 본문·부록 B에 TA×Phase 값 없음; 계약 건수는 기밀로 미공개 p.3-4 각주11). 2004-2012 계약 데이터, 인플레 미조정(p.2-9). 대안: F04-AS-1xxx(ASPE 2024) 환자당 비용·환자 수 참조"
F04-SE-1023,Sertkaya 2016,trial_cost,P2,gastrointestinal,기타,US,all,mean,15.8,USD_million,2004-2012,,ASPE/ERG 2014 'Examination of Clinical Trial Costs and Barriers for Drug Development' Table 1 (p.3-3),PICAS 2004-2012,2,direct,primary_confirmed,2029-12,"시험당 평균 비용만 원문 표에 있음. 환자당 비용·사이트 수·환자 수: 미확인(보고서 본문·부록 B에 TA×Phase 값 없음; 계약 건수는 기밀로 미공개 p.3-4 각주11). 2004-2012 계약 데이터, 인플레 미조정(p.2-9). 대안: F04-AS-1xxx(ASPE 2024) 환자당 비용·환자 수 참조"
F04-SE-1024,Sertkaya 2016,trial_cost,P3,gastrointestinal,기타,US,all,mean,14.5,USD_million,2004-2012,,ASPE/ERG 2014 'Examination of Clinical Trial Costs and Barriers for Drug Development' Table 1 (p.3-3),PICAS 2004-2012,2,direct,primary_confirmed,2029-12,"시험당 평균 비용만 원문 표에 있음. 환자당 비용·사이트 수·환자 수: 미확인(보고서 본문·부록 B에 TA×Phase 값 없음; 계약 건수는 기밀로 미공개 p.3-4 각주11). 2004-2012 계약 데이터, 인플레 미조정(p.2-9). 대안: F04-AS-1xxx(ASPE 2024) 환자당 비용·환자 수 참조"
F04-SE-1025,Sertkaya 2016,trial_cost,P1,ophthalmology,기타,US,all,mean,5.3,USD_million,2004-2012,,ASPE/ERG 2014 'Examination of Clinical Trial Costs and Barriers for Drug Development' Table 1 (p.3-3),PICAS 2004-2012,2,direct,primary_confirmed,2029-12,"시험당 평균 비용만 원문 표에 있음. 환자당 비용·사이트 수·환자 수: 미확인(보고서 본문·부록 B에 TA×Phase 값 없음; 계약 건수는 기밀로 미공개 p.3-4 각주11). 2004-2012 계약 데이터, 인플레 미조정(p.2-9). 대안: F04-AS-1xxx(ASPE 2024) 환자당 비용·환자 수 참조"
F04-SE-1026,Sertkaya 2016,trial_cost,P2,ophthalmology,기타,US,all,mean,13.8,USD_million,2004-2012,,ASPE/ERG 2014 'Examination of Clinical Trial Costs and Barriers for Drug Development' Table 1 (p.3-3),PICAS 2004-2012,2,direct,primary_confirmed,2029-12,"시험당 평균 비용만 원문 표에 있음. 환자당 비용·사이트 수·환자 수: 미확인(보고서 본문·부록 B에 TA×Phase 값 없음; 계약 건수는 기밀로 미공개 p.3-4 각주11). 2004-2012 계약 데이터, 인플레 미조정(p.2-9). 대안: F04-AS-1xxx(ASPE 2024) 환자당 비용·환자 수 참조"
F04-SE-1027,Sertkaya 2016,trial_cost,P3,ophthalmology,기타,US,all,mean,30.7,USD_million,2004-2012,,ASPE/ERG 2014 'Examination of Clinical Trial Costs and Barriers for Drug Development' Table 1 (p.3-3),PICAS 2004-2012,2,direct,primary_confirmed,2029-12,"시험당 평균 비용만 원문 표에 있음. 환자당 비용·사이트 수·환자 수: 미확인(보고서 본문·부록 B에 TA×Phase 값 없음; 계약 건수는 기밀로 미공개 p.3-4 각주11). 2004-2012 계약 데이터, 인플레 미조정(p.2-9). 대안: F04-AS-1xxx(ASPE 2024) 환자당 비용·환자 수 참조"
F04-SE-1028,Sertkaya 2016,trial_cost,P1,genitourinary,기타,US,all,mean,3.1,USD_million,2004-2012,,ASPE/ERG 2014 'Examination of Clinical Trial Costs and Barriers for Drug Development' Table 1 (p.3-3),PICAS 2004-2012,2,direct,primary_confirmed,2029-12,"시험당 평균 비용만 원문 표에 있음. 환자당 비용·사이트 수·환자 수: 미확인(보고서 본문·부록 B에 TA×Phase 값 없음; 계약 건수는 기밀로 미공개 p.3-4 각주11). 2004-2012 계약 데이터, 인플레 미조정(p.2-9). 대안: F04-AS-1xxx(ASPE 2024) 환자당 비용·환자 수 참조"
F04-SE-1029,Sertkaya 2016,trial_cost,P2,genitourinary,기타,US,all,mean,14.6,USD_million,2004-2012,,ASPE/ERG 2014 'Examination of Clinical Trial Costs and Barriers for Drug Development' Table 1 (p.3-3),PICAS 2004-2012,2,direct,primary_confirmed,2029-12,"시험당 평균 비용만 원문 표에 있음. 환자당 비용·사이트 수·환자 수: 미확인(보고서 본문·부록 B에 TA×Phase 값 없음; 계약 건수는 기밀로 미공개 p.3-4 각주11). 2004-2012 계약 데이터, 인플레 미조정(p.2-9). 대안: F04-AS-1xxx(ASPE 2024) 환자당 비용·환자 수 참조"
F04-SE-1030,Sertkaya 2016,trial_cost,P3,genitourinary,기타,US,all,mean,17.5,USD_million,2004-2012,,ASPE/ERG 2014 'Examination of Clinical Trial Costs and Barriers for Drug Development' Table 1 (p.3-3),PICAS 2004-2012,2,direct,primary_confirmed,2029-12,"시험당 평균 비용만 원문 표에 있음. 환자당 비용·사이트 수·환자 수: 미확인(보고서 본문·부록 B에 TA×Phase 값 없음; 계약 건수는 기밀로 미공개 p.3-4 각주11). 2004-2012 계약 데이터, 인플레 미조정(p.2-9). 대안: F04-AS-1xxx(ASPE 2024) 환자당 비용·환자 수 참조"
F04-SE-1031,Sertkaya 2016,trial_cost,P1,hematology,기타,US,all,mean,1.7,USD_million,2004-2012,,ASPE/ERG 2014 'Examination of Clinical Trial Costs and Barriers for Drug Development' Table 1 (p.3-3),PICAS 2004-2012,2,direct,primary_confirmed,2029-12,"시험당 평균 비용만 원문 표에 있음. 환자당 비용·사이트 수·환자 수: 미확인(보고서 본문·부록 B에 TA×Phase 값 없음; 계약 건수는 기밀로 미공개 p.3-4 각주11). 2004-2012 계약 데이터, 인플레 미조정(p.2-9). 대안: F04-AS-1xxx(ASPE 2024) 환자당 비용·환자 수 참조"
F04-SE-1032,Sertkaya 2016,trial_cost,P2,hematology,기타,US,all,mean,19.6,USD_million,2004-2012,,ASPE/ERG 2014 'Examination of Clinical Trial Costs and Barriers for Drug Development' Table 1 (p.3-3),PICAS 2004-2012,2,direct,primary_confirmed,2029-12,"시험당 평균 비용만 원문 표에 있음. 환자당 비용·사이트 수·환자 수: 미확인(보고서 본문·부록 B에 TA×Phase 값 없음; 계약 건수는 기밀로 미공개 p.3-4 각주11). 2004-2012 계약 데이터, 인플레 미조정(p.2-9). 대안: F04-AS-1xxx(ASPE 2024) 환자당 비용·환자 수 참조"
F04-SE-1033,Sertkaya 2016,trial_cost,P3,hematology,기타,US,all,mean,15.0,USD_million,2004-2012,,ASPE/ERG 2014 'Examination of Clinical Trial Costs and Barriers for Drug Development' Table 1 (p.3-3),PICAS 2004-2012,2,direct,primary_confirmed,2029-12,"시험당 평균 비용만 원문 표에 있음. 환자당 비용·사이트 수·환자 수: 미확인(보고서 본문·부록 B에 TA×Phase 값 없음; 계약 건수는 기밀로 미공개 p.3-4 각주11). 2004-2012 계약 데이터, 인플레 미조정(p.2-9). 대안: F04-AS-1xxx(ASPE 2024) 환자당 비용·환자 수 참조"
F04-SE-1034,Sertkaya 2016,trial_cost,P1,immunomodulation,기타,US,all,mean,6.6,USD_million,2004-2012,,ASPE/ERG 2014 'Examination of Clinical Trial Costs and Barriers for Drug Development' Table 1 (p.3-3),PICAS 2004-2012,2,direct,primary_confirmed,2029-12,"시험당 평균 비용만 원문 표에 있음. 환자당 비용·사이트 수·환자 수: 미확인(보고서 본문·부록 B에 TA×Phase 값 없음; 계약 건수는 기밀로 미공개 p.3-4 각주11). 2004-2012 계약 데이터, 인플레 미조정(p.2-9). 대안: F04-AS-1xxx(ASPE 2024) 환자당 비용·환자 수 참조"
F04-SE-1035,Sertkaya 2016,trial_cost,P2,immunomodulation,기타,US,all,mean,16.0,USD_million,2004-2012,,ASPE/ERG 2014 'Examination of Clinical Trial Costs and Barriers for Drug Development' Table 1 (p.3-3),PICAS 2004-2012,2,direct,primary_confirmed,2029-12,"시험당 평균 비용만 원문 표에 있음. 환자당 비용·사이트 수·환자 수: 미확인(보고서 본문·부록 B에 TA×Phase 값 없음; 계약 건수는 기밀로 미공개 p.3-4 각주11). 2004-2012 계약 데이터, 인플레 미조정(p.2-9). 대안: F04-AS-1xxx(ASPE 2024) 환자당 비용·환자 수 참조"
F04-SE-1036,Sertkaya 2016,trial_cost,P3,immunomodulation,기타,US,all,mean,11.9,USD_million,2004-2012,,ASPE/ERG 2014 'Examination of Clinical Trial Costs and Barriers for Drug Development' Table 1 (p.3-3),PICAS 2004-2012,2,direct,primary_confirmed,2029-12,"시험당 평균 비용만 원문 표에 있음. 환자당 비용·사이트 수·환자 수: 미확인(보고서 본문·부록 B에 TA×Phase 값 없음; 계약 건수는 기밀로 미공개 p.3-4 각주11). 2004-2012 계약 데이터, 인플레 미조정(p.2-9). 대안: F04-AS-1xxx(ASPE 2024) 환자당 비용·환자 수 참조"
F04-SE-1037,Sertkaya 2016,trial_cost,P1,dermatology,기타,US,all,mean,1.8,USD_million,2004-2012,,ASPE/ERG 2014 'Examination of Clinical Trial Costs and Barriers for Drug Development' Table 1 (p.3-3),PICAS 2004-2012,2,direct,primary_confirmed,2029-12,"시험당 평균 비용만 원문 표에 있음. 환자당 비용·사이트 수·환자 수: 미확인(보고서 본문·부록 B에 TA×Phase 값 없음; 계약 건수는 기밀로 미공개 p.3-4 각주11). 2004-2012 계약 데이터, 인플레 미조정(p.2-9). 대안: F04-AS-1xxx(ASPE 2024) 환자당 비용·환자 수 참조"
F04-SE-1038,Sertkaya 2016,trial_cost,P2,dermatology,기타,US,all,mean,8.9,USD_million,2004-2012,,ASPE/ERG 2014 'Examination of Clinical Trial Costs and Barriers for Drug Development' Table 1 (p.3-3),PICAS 2004-2012,2,direct,primary_confirmed,2029-12,"시험당 평균 비용만 원문 표에 있음. 환자당 비용·사이트 수·환자 수: 미확인(보고서 본문·부록 B에 TA×Phase 값 없음; 계약 건수는 기밀로 미공개 p.3-4 각주11). 2004-2012 계약 데이터, 인플레 미조정(p.2-9). 대안: F04-AS-1xxx(ASPE 2024) 환자당 비용·환자 수 참조"
F04-SE-1039,Sertkaya 2016,trial_cost,P3,dermatology,기타,US,all,mean,11.5,USD_million,2004-2012,,ASPE/ERG 2014 'Examination of Clinical Trial Costs and Barriers for Drug Development' Table 1 (p.3-3),PICAS 2004-2012,2,direct,primary_confirmed,2029-12,"시험당 평균 비용만 원문 표에 있음. 환자당 비용·사이트 수·환자 수: 미확인(보고서 본문·부록 B에 TA×Phase 값 없음; 계약 건수는 기밀로 미공개 p.3-4 각주11). 2004-2012 계약 데이터, 인플레 미조정(p.2-9). 대안: F04-AS-1xxx(ASPE 2024) 환자당 비용·환자 수 참조"
F04-SE-1040,Sertkaya 2016,trial_cost,P1,pain_anesthesia,기타,US,all,mean,1.4,USD_million,2004-2012,,ASPE/ERG 2014 'Examination of Clinical Trial Costs and Barriers for Drug Development' Table 1 (p.3-3),PICAS 2004-2012,2,direct,primary_confirmed,2029-12,"시험당 평균 비용만 원문 표에 있음. 환자당 비용·사이트 수·환자 수: 미확인(보고서 본문·부록 B에 TA×Phase 값 없음; 계약 건수는 기밀로 미공개 p.3-4 각주11). 2004-2012 계약 데이터, 인플레 미조정(p.2-9). 대안: F04-AS-1xxx(ASPE 2024) 환자당 비용·환자 수 참조"
F04-SE-1041,Sertkaya 2016,trial_cost,P2,pain_anesthesia,기타,US,all,mean,17.0,USD_million,2004-2012,,ASPE/ERG 2014 'Examination of Clinical Trial Costs and Barriers for Drug Development' Table 1 (p.3-3),PICAS 2004-2012,2,direct,primary_confirmed,2029-12,"시험당 평균 비용만 원문 표에 있음. 환자당 비용·사이트 수·환자 수: 미확인(보고서 본문·부록 B에 TA×Phase 값 없음; 계약 건수는 기밀로 미공개 p.3-4 각주11). 2004-2012 계약 데이터, 인플레 미조정(p.2-9). 대안: F04-AS-1xxx(ASPE 2024) 환자당 비용·환자 수 참조"
F04-SE-1042,Sertkaya 2016,trial_cost,P3,pain_anesthesia,기타,US,all,mean,52.9,USD_million,2004-2012,,ASPE/ERG 2014 'Examination of Clinical Trial Costs and Barriers for Drug Development' Table 1 (p.3-3),PICAS 2004-2012,2,direct,primary_confirmed,2029-12,"시험당 평균 비용만 원문 표에 있음. 환자당 비용·사이트 수·환자 수: 미확인(보고서 본문·부록 B에 TA×Phase 값 없음; 계약 건수는 기밀로 미공개 p.3-4 각주11). 2004-2012 계약 데이터, 인플레 미조정(p.2-9). 대안: F04-AS-1xxx(ASPE 2024) 환자당 비용·환자 수 참조"
F04-CE-0001,Cutting Edge Information 2013,cost_per_patient_month,P1,CNS,중추신경(신경),US,all,mean,8943,USD,2013,"survey (140+ trials, Cutting Edge 2013)",보도자료,2013,3,limited,secondary_summary,2028-12,벤더 설문. ASPE 2024 4.3(p.9)에서 출처 성격 확인(140개 이상 시험 설문+인터뷰). 참고값
F04-CE-0002,Cutting Edge Information 2013,cost_per_patient_month,P1,oncology,항암,US,all,mean,2822,USD,2013,"survey (140+ trials, Cutting Edge 2013)",보도자료,2013,3,limited,secondary_summary,2028-12,장기 시험(36개월)이라 월단가 낮음
F04-KR-0001,KoNECT/식약처,cost_per_patient,P1,all,전체,KR,all,,,KRW,,,KoNECT 임상시험 산업 정보 통계집 / 국내 CRO 견적 2~3건,,3,not_available,,,"국내 공개 통계 없음. 시도한 출처: KoNECT 한국 임상시험 산업 정보 통계집(2020·2022판 소개 기사, 수록 항목=승인 건수·CRO 수·시장규모·R&D 규모·인식도), KoNECT 2025년 임상시험 산업 실태조사(2025-11-10, 제약사/CRO/실시기관 현황·CRO 만족도; PDF는 JS 다운로드로 자동 열람 불가 → 수동 확인 권장), 식약처 임상시험 승인현황(비용 항목 없음), 보건산업진흥원 제약산업정보포털(통계집 재게시). 환자당·기관당 비용 통계 미게재"
F04-KR-0002,KoNECT/식약처,cost_per_patient,P2,all,전체,KR,all,,,KRW,,,동일,,3,not_available,,,"국내 공개 통계 없음. 시도한 출처: KoNECT 한국 임상시험 산업 정보 통계집(2020·2022판 소개 기사, 수록 항목=승인 건수·CRO 수·시장규모·R&D 규모·인식도), KoNECT 2025년 임상시험 산업 실태조사(2025-11-10, 제약사/CRO/실시기관 현황·CRO 만족도; PDF는 JS 다운로드로 자동 열람 불가 → 수동 확인 권장), 식약처 임상시험 승인현황(비용 항목 없음), 보건산업진흥원 제약산업정보포털(통계집 재게시). 환자당·기관당 비용 통계 미게재"
F04-KR-0003,KoNECT/식약처,cost_per_patient,P3,all,전체,KR,all,,,KRW,,,동일,,3,not_available,,,"국내 공개 통계 없음. 시도한 출처: KoNECT 한국 임상시험 산업 정보 통계집(2020·2022판 소개 기사, 수록 항목=승인 건수·CRO 수·시장규모·R&D 규모·인식도), KoNECT 2025년 임상시험 산업 실태조사(2025-11-10, 제약사/CRO/실시기관 현황·CRO 만족도; PDF는 JS 다운로드로 자동 열람 불가 → 수동 확인 권장), 식약처 임상시험 승인현황(비용 항목 없음), 보건산업진흥원 제약산업정보포털(통계집 재게시). 환자당·기관당 비용 통계 미게재"
F04-KR-0004,CRO 견적,site_startup_cost,all,all,전체,KR,per_site,,,KRW,,,CRO 견적 2~3건,,3,to_collect,,,CRO 견적은 이 채팅에서 수집하지 않음(회사 직접 수령). 공개 통계 없음(F04-KR-0001 note 참조)
F04-KR-0005,CRO 견적,cro_monthly_cost,all,all,전체,KR,per_month,,,KRW,,,CRO 견적 2~3건,,3,to_collect,,,CRO 견적은 이 채팅에서 수집하지 않음(회사 직접 수령). 공개 통계 없음(F04-KR-0001 note 참조)
F04-MOD-0001,수집 대기,modality_cost_factor,all,all,전체,global,modality=biologics vs small_molecule,ratio,,x,,,후보: DiMasi 2016 biologics 비교 / Tufts CSDD,,3,to_collect,,,"값 미확보(원문에서 읽은 비율 없음). 후보 출처: (1) Martin 2017 Suppl. Box S1 — 분자 크기 p=0.29, 시험 비용에 유의하지 않음(F04-MA-0004, 원문 확인); (2) DiMasi & Grabowski 2007 ""The cost of biopharmaceutical R&D: is biotech different?"" Manag Decis Econ 28:469-479(바이오 vs 저분자 R&D 비용 비교, 미열람); (3) KMR Group 2016 보도(Outsourcing-Pharma 2016-10-31): 대분자 시험이 기간·월비용 높음, P3 항암 중앙 4.5년 vs 6.1년(2차, tier 3). 벤치마크 경로(FE-A02) 계수는 1.0 가정하지 말고 미확보로 둠"
F04-MOD-0002,수집 대기,cmc_prep_cost,P1 진입 전,all,전체,global,modality=antibody/ADC/cell/gene,range,,USD_million,,,"후보: CDMO 견적, 업계 보고서",,3,to_collect,,,"값 미확보. 후보 출처: (1) Harrison et al. 2019 Cytotherapy ""CAR-T manufacturing: modelling the effect of offshore production on aggregate COG""(학술 COG/dose $6,000~$20,000 인용, 원문 일부 열람); (2) Ran et al. 2020 Int J Cancer ""Cost of decentralized CAR T-cell production in an academic nonprofit setting""(미열람); (3) Farid 2007 J Chromatogr B ""Process economics of industrial monoclonal antibody manufacture""(미열람). 임상용 GMP 배치·공정개발 비용 자체는 공개 원문 미확인 → CDMO 견적 필요. ASPE 2024는 CMC 비용을 명시적으로 제외(p.34)"
F04-MOD-0003,수집 대기,manufacturing_capacity,commercial,all,전체,global,modality=cell_therapy,point,10000,doses,2024,Gilead/Kite 전사 capacity,"MM+M 2024-03-25 기사(JPM/Leerink 노트 인용, Kite Cell Therapy Day)",2024,3,limited,secondary_summary,2027-12,"2차 요약: Gilead 현재 약 10,000 CAR-T/년 → 2026년 24,000+/년 계획. 다른 후보: Kite El Segundo 4,000~5,000 doses/년(Bioprocess Online 2017, 2차); Harrison 2019 Cytotherapy 모델링 18,000~60,000 doses/년(수요 기반 가정). 회사 IR 원문(Kite Cell Therapy Day 자료) 확인 시 tier 2로"
F04-DLY-0001,수집 대기,delay_factor,all,all,전체,global,enrollment_delay,typical,2.0,x,NA,"153 global Phase II/III trials, 15,965 sites","Tufts CSDD 2012 (Getz, 'The Cost of Clinical Trial Delays' CTTI 발표 2015-01, 슬라이드 'Actual Enrollment Timelines Typically Double Planned Timelines')",2008-2010,2,limited,primary_confirmed,2028-12,"원문 표현 ""typically double""(실제 모집기간≈계획의 2배). 슬라이드 TA별 초과율은 PDF 추출상 OVERALL/Oncology/Respiratory/Cardiovascular/Endocrine-Metabolic/CNS 순으로 116/113/99/95/71/94%로 읽히나 라벨-값 매핑이 불확실하여 값으로 채우지 않음(슬라이드 원본 시각 확인 필요). 주의: Tufts CSDD 2024 업데이트(PubMed 38568347, 2012·2019·2023 비교)는 다수 연구에서 실제 등록이 계획을 초과하고 기간이 예상보다 짧았다고 보고 → 계수 2.0은 보수적 상한으로 취급"
F04-RARE-0001,수집 대기,rare_cost_factor,P2-P3,rare,전체,global,rare=Y,ratio,,x,,,"Moore 2018 Results(원문 확인): 희귀 3개 약물 무대조군 시험 각 <$5M, 최소 2.1M(4명); enrollment≤100 평균 5.9M(8건); 전체 중앙값 19.0M",,3,to_collect,,,"비율은 계산하지 않음(규칙 1). 원문 읽은 값: 최소 2.1M(F04-MO-0028), ≤100명 평균 5.9M(F04-MO-0007), 전체 중앙값 19.0M(F04-MO-0001). Martin 2017 Suppl.: 희귀질환 여부 p=0.17 유의하지 않음(F04-MA-0005). Moore 표본 59개 중 27개(45.8%)가 orphan"
F04-SE-2001,Sertkaya 2016,trial_cost,P1,all(weighted),전체,US,all,weighted_mean,3.8,USD_million,2004-2012,13 TA weighted by contract count,ASPE/ERG 2014 Table 2 (p.3-6) 가중평균,PICAS 2004-2012,2,direct,primary_confirmed,2029-12,site overhead 25%·All Other Costs 30% 외삽 포함 총액(p.3-1~3-2). Subtotal(외삽 제외): P1 2.13 / P2 7.60 / P3 11.38
F04-SE-2002,Sertkaya 2016,trial_cost,P2,all(weighted),전체,US,all,weighted_mean,13.35,USD_million,2004-2012,13 TA weighted by contract count,ASPE/ERG 2014 Table 2 (p.3-6) 가중평균,PICAS 2004-2012,2,direct,primary_confirmed,2029-12,site overhead 25%·All Other Costs 30% 외삽 포함 총액(p.3-1~3-2). Subtotal(외삽 제외): P1 2.13 / P2 7.60 / P3 11.38
F04-SE-2003,Sertkaya 2016,trial_cost,P3,all(weighted),전체,US,all,weighted_mean,19.89,USD_million,2004-2012,13 TA weighted by contract count,ASPE/ERG 2014 Table 2 (p.3-6) 가중평균,PICAS 2004-2012,2,direct,primary_confirmed,2029-12,site overhead 25%·All Other Costs 30% 외삽 포함 총액(p.3-1~3-2). Subtotal(외삽 제외): P1 2.13 / P2 7.60 / P3 11.38
F04-SE-3001,Sertkaya 2016,cost_component,P1,all(weighted),전체,US,data_management_per_study,weighted_mean,50331,USD,2004-2012,13 TA weighted,ASPE/ERG 2014 Table 2 (p.3-6) 가중평균,PICAS 2004-2012,2,direct,primary_confirmed,2029-12,시험 1건 기준 항목별 비용(표준편차는 원문 표 참조). site 항목은 사이트 수×월수 곱한 시험당 합계임(사이트 1곳당 값 아님)
F04-SE-3002,Sertkaya 2016,cost_component,P2,all(weighted),전체,US,data_management_per_study,weighted_mean,59934,USD,2004-2012,13 TA weighted,ASPE/ERG 2014 Table 2 (p.3-6) 가중평균,PICAS 2004-2012,2,direct,primary_confirmed,2029-12,시험 1건 기준 항목별 비용(표준편차는 원문 표 참조). site 항목은 사이트 수×월수 곱한 시험당 합계임(사이트 1곳당 값 아님)
F04-SE-3003,Sertkaya 2016,cost_component,P3,all(weighted),전체,US,data_management_per_study,weighted_mean,39047,USD,2004-2012,13 TA weighted,ASPE/ERG 2014 Table 2 (p.3-6) 가중평균,PICAS 2004-2012,2,direct,primary_confirmed,2029-12,시험 1건 기준 항목별 비용(표준편차는 원문 표 참조). site 항목은 사이트 수×월수 곱한 시험당 합계임(사이트 1곳당 값 아님)
F04-SE-3004,Sertkaya 2016,cost_component,P1,all(weighted),전체,US,irb_approvals_per_study,weighted_mean,11962,USD,2004-2012,13 TA weighted,ASPE/ERG 2014 Table 2 (p.3-6) 가중평균,PICAS 2004-2012,2,direct,primary_confirmed,2029-12,시험 1건 기준 항목별 비용(표준편차는 원문 표 참조). site 항목은 사이트 수×월수 곱한 시험당 합계임(사이트 1곳당 값 아님)
F04-SE-3005,Sertkaya 2016,cost_component,P2,all(weighted),전체,US,irb_approvals_per_study,weighted_mean,60188,USD,2004-2012,13 TA weighted,ASPE/ERG 2014 Table 2 (p.3-6) 가중평균,PICAS 2004-2012,2,direct,primary_confirmed,2029-12,시험 1건 기준 항목별 비용(표준편차는 원문 표 참조). site 항목은 사이트 수×월수 곱한 시험당 합계임(사이트 1곳당 값 아님)
F04-SE-3006,Sertkaya 2016,cost_component,P3,all(weighted),전체,US,irb_approvals_per_study,weighted_mean,114118,USD,2004-2012,13 TA weighted,ASPE/ERG 2014 Table 2 (p.3-6) 가중평균,PICAS 2004-2012,2,direct,primary_confirmed,2029-12,시험 1건 기준 항목별 비용(표준편차는 원문 표 참조). site 항목은 사이트 수×월수 곱한 시험당 합계임(사이트 1곳당 값 아님)
F04-SE-3007,Sertkaya 2016,cost_component,P1,all(weighted),전체,US,irb_amendments_per_study,weighted_mean,1094,USD,2004-2012,13 TA weighted,ASPE/ERG 2014 Table 2 (p.3-6) 가중평균,PICAS 2004-2012,2,direct,primary_confirmed,2029-12,시험 1건 기준 항목별 비용(표준편차는 원문 표 참조). site 항목은 사이트 수×월수 곱한 시험당 합계임(사이트 1곳당 값 아님)
F04-SE-3008,Sertkaya 2016,cost_component,P2,all(weighted),전체,US,irb_amendments_per_study,weighted_mean,1698,USD,2004-2012,13 TA weighted,ASPE/ERG 2014 Table 2 (p.3-6) 가중평균,PICAS 2004-2012,2,direct,primary_confirmed,2029-12,시험 1건 기준 항목별 비용(표준편차는 원문 표 참조). site 항목은 사이트 수×월수 곱한 시험당 합계임(사이트 1곳당 값 아님)
F04-SE-3009,Sertkaya 2016,cost_component,P3,all(weighted),전체,US,irb_amendments_per_study,weighted_mean,1919,USD,2004-2012,13 TA weighted,ASPE/ERG 2014 Table 2 (p.3-6) 가중평균,PICAS 2004-2012,2,direct,primary_confirmed,2029-12,시험 1건 기준 항목별 비용(표준편차는 원문 표 참조). site 항목은 사이트 수×월수 곱한 시험당 합계임(사이트 1곳당 값 아님)
F04-SE-3010,Sertkaya 2016,cost_component,P1,all(weighted),전체,US,sdv_per_study,weighted_mean,326437,USD,2004-2012,13 TA weighted,ASPE/ERG 2014 Table 2 (p.3-6) 가중평균,PICAS 2004-2012,2,direct,primary_confirmed,2029-12,시험 1건 기준 항목별 비용(표준편차는 원문 표 참조). site 항목은 사이트 수×월수 곱한 시험당 합계임(사이트 1곳당 값 아님)
F04-SE-3011,Sertkaya 2016,cost_component,P2,all(weighted),전체,US,sdv_per_study,weighted_mean,406038,USD,2004-2012,13 TA weighted,ASPE/ERG 2014 Table 2 (p.3-6) 가중평균,PICAS 2004-2012,2,direct,primary_confirmed,2029-12,시험 1건 기준 항목별 비용(표준편차는 원문 표 참조). site 항목은 사이트 수×월수 곱한 시험당 합계임(사이트 1곳당 값 아님)
F04-SE-3012,Sertkaya 2016,cost_component,P3,all(weighted),전체,US,sdv_per_study,weighted_mean,400173,USD,2004-2012,13 TA weighted,ASPE/ERG 2014 Table 2 (p.3-6) 가중평균,PICAS 2004-2012,2,direct,primary_confirmed,2029-12,시험 1건 기준 항목별 비용(표준편차는 원문 표 참조). site 항목은 사이트 수×월수 곱한 시험당 합계임(사이트 1곳당 값 아님)
F04-SE-3013,Sertkaya 2016,cost_component,P1,all(weighted),전체,US,patient_recruitment_per_study,weighted_mean,37050,USD,2004-2012,13 TA weighted,ASPE/ERG 2014 Table 2 (p.3-6) 가중평균,PICAS 2004-2012,2,direct,primary_confirmed,2029-12,시험 1건 기준 항목별 비용(표준편차는 원문 표 참조). site 항목은 사이트 수×월수 곱한 시험당 합계임(사이트 1곳당 값 아님)
F04-SE-3014,Sertkaya 2016,cost_component,P2,all(weighted),전체,US,patient_recruitment_per_study,weighted_mean,161140,USD,2004-2012,13 TA weighted,ASPE/ERG 2014 Table 2 (p.3-6) 가중평균,PICAS 2004-2012,2,direct,primary_confirmed,2029-12,시험 1건 기준 항목별 비용(표준편차는 원문 표 참조). site 항목은 사이트 수×월수 곱한 시험당 합계임(사이트 1곳당 값 아님)
F04-SE-3015,Sertkaya 2016,cost_component,P3,all(weighted),전체,US,patient_recruitment_per_study,weighted_mean,308672,USD,2004-2012,13 TA weighted,ASPE/ERG 2014 Table 2 (p.3-6) 가중평균,PICAS 2004-2012,2,direct,primary_confirmed,2029-12,시험 1건 기준 항목별 비용(표준편차는 원문 표 참조). site 항목은 사이트 수×월수 곱한 시험당 합계임(사이트 1곳당 값 아님)
F04-SE-3016,Sertkaya 2016,cost_component,P1,all(weighted),전체,US,patient_retention_per_study,weighted_mean,6145,USD,2004-2012,13 TA weighted,ASPE/ERG 2014 Table 2 (p.3-6) 가중평균,PICAS 2004-2012,2,direct,primary_confirmed,2029-12,시험 1건 기준 항목별 비용(표준편차는 원문 표 참조). site 항목은 사이트 수×월수 곱한 시험당 합계임(사이트 1곳당 값 아님)
F04-SE-3017,Sertkaya 2016,cost_component,P2,all(weighted),전체,US,patient_retention_per_study,weighted_mean,15439,USD,2004-2012,13 TA weighted,ASPE/ERG 2014 Table 2 (p.3-6) 가중평균,PICAS 2004-2012,2,direct,primary_confirmed,2029-12,시험 1건 기준 항목별 비용(표준편차는 원문 표 참조). site 항목은 사이트 수×월수 곱한 시험당 합계임(사이트 1곳당 값 아님)
F04-SE-3018,Sertkaya 2016,cost_component,P3,all(weighted),전체,US,patient_retention_per_study,weighted_mean,24727,USD,2004-2012,13 TA weighted,ASPE/ERG 2014 Table 2 (p.3-6) 가중평균,PICAS 2004-2012,2,direct,primary_confirmed,2029-12,시험 1건 기준 항목별 비용(표준편차는 원문 표 참조). site 항목은 사이트 수×월수 곱한 시험당 합계임(사이트 1곳당 값 아님)
F04-SE-3019,Sertkaya 2016,cost_component,P1,all(weighted),전체,US,rn_cra_per_study,weighted_mean,178237,USD,2004-2012,13 TA weighted,ASPE/ERG 2014 Table 2 (p.3-6) 가중평균,PICAS 2004-2012,2,direct,primary_confirmed,2029-12,시험 1건 기준 항목별 비용(표준편차는 원문 표 참조). site 항목은 사이트 수×월수 곱한 시험당 합계임(사이트 1곳당 값 아님)
F04-SE-3020,Sertkaya 2016,cost_component,P2,all(weighted),전체,US,rn_cra_per_study,weighted_mean,441053,USD,2004-2012,13 TA weighted,ASPE/ERG 2014 Table 2 (p.3-6) 가중평균,PICAS 2004-2012,2,direct,primary_confirmed,2029-12,시험 1건 기준 항목별 비용(표준편차는 원문 표 참조). site 항목은 사이트 수×월수 곱한 시험당 합계임(사이트 1곳당 값 아님)
F04-SE-3021,Sertkaya 2016,cost_component,P3,all(weighted),전체,US,rn_cra_per_study,weighted_mean,939540,USD,2004-2012,13 TA weighted,ASPE/ERG 2014 Table 2 (p.3-6) 가중평균,PICAS 2004-2012,2,direct,primary_confirmed,2029-12,시험 1건 기준 항목별 비용(표준편차는 원문 표 참조). site 항목은 사이트 수×월수 곱한 시험당 합계임(사이트 1곳당 값 아님)
F04-SE-3022,Sertkaya 2016,cost_component,P1,all(weighted),전체,US,physician_per_study,weighted_mean,109681,USD,2004-2012,13 TA weighted,ASPE/ERG 2014 Table 2 (p.3-6) 가중평균,PICAS 2004-2012,2,direct,primary_confirmed,2029-12,시험 1건 기준 항목별 비용(표준편차는 원문 표 참조). site 항목은 사이트 수×월수 곱한 시험당 합계임(사이트 1곳당 값 아님)
F04-SE-3023,Sertkaya 2016,cost_component,P2,all(weighted),전체,US,physician_per_study,weighted_mean,381968,USD,2004-2012,13 TA weighted,ASPE/ERG 2014 Table 2 (p.3-6) 가중평균,PICAS 2004-2012,2,direct,primary_confirmed,2029-12,시험 1건 기준 항목별 비용(표준편차는 원문 표 참조). site 항목은 사이트 수×월수 곱한 시험당 합계임(사이트 1곳당 값 아님)
F04-SE-3024,Sertkaya 2016,cost_component,P3,all(weighted),전체,US,physician_per_study,weighted_mean,805508,USD,2004-2012,13 TA weighted,ASPE/ERG 2014 Table 2 (p.3-6) 가중평균,PICAS 2004-2012,2,direct,primary_confirmed,2029-12,시험 1건 기준 항목별 비용(표준편차는 원문 표 참조). site 항목은 사이트 수×월수 곱한 시험당 합계임(사이트 1곳당 값 아님)
F04-SE-3025,Sertkaya 2016,cost_component,P1,all(weighted),전체,US,clinical_procedure_total_per_study,weighted_mean,475667,USD,2004-2012,13 TA weighted,ASPE/ERG 2014 Table 2 (p.3-6) 가중평균,PICAS 2004-2012,2,direct,primary_confirmed,2029-12,시험 1건 기준 항목별 비용(표준편차는 원문 표 참조). site 항목은 사이트 수×월수 곱한 시험당 합계임(사이트 1곳당 값 아님)
F04-SE-3026,Sertkaya 2016,cost_component,P2,all(weighted),전체,US,clinical_procedure_total_per_study,weighted_mean,1476368,USD,2004-2012,13 TA weighted,ASPE/ERG 2014 Table 2 (p.3-6) 가중평균,PICAS 2004-2012,2,direct,primary_confirmed,2029-12,시험 1건 기준 항목별 비용(표준편차는 원문 표 참조). site 항목은 사이트 수×월수 곱한 시험당 합계임(사이트 1곳당 값 아님)
F04-SE-3027,Sertkaya 2016,cost_component,P3,all(weighted),전체,US,clinical_procedure_total_per_study,weighted_mean,2252208,USD,2004-2012,13 TA weighted,ASPE/ERG 2014 Table 2 (p.3-6) 가중평균,PICAS 2004-2012,2,direct,primary_confirmed,2029-12,시험 1건 기준 항목별 비용(표준편차는 원문 표 참조). site 항목은 사이트 수×월수 곱한 시험당 합계임(사이트 1곳당 값 아님)
F04-SE-3028,Sertkaya 2016,cost_component,P1,all(weighted),전체,US,central_lab_per_study,weighted_mean,252163,USD,2004-2012,13 TA weighted,ASPE/ERG 2014 Table 2 (p.3-6) 가중평균,PICAS 2004-2012,2,direct,primary_confirmed,2029-12,시험 1건 기준 항목별 비용(표준편차는 원문 표 참조). site 항목은 사이트 수×월수 곱한 시험당 합계임(사이트 1곳당 값 아님)
F04-SE-3029,Sertkaya 2016,cost_component,P2,all(weighted),전체,US,central_lab_per_study,weighted_mean,804821,USD,2004-2012,13 TA weighted,ASPE/ERG 2014 Table 2 (p.3-6) 가중평균,PICAS 2004-2012,2,direct,primary_confirmed,2029-12,시험 1건 기준 항목별 비용(표준편차는 원문 표 참조). site 항목은 사이트 수×월수 곱한 시험당 합계임(사이트 1곳당 값 아님)
F04-SE-3030,Sertkaya 2016,cost_component,P3,all(weighted),전체,US,central_lab_per_study,weighted_mean,849180,USD,2004-2012,13 TA weighted,ASPE/ERG 2014 Table 2 (p.3-6) 가중평균,PICAS 2004-2012,2,direct,primary_confirmed,2029-12,시험 1건 기준 항목별 비용(표준편차는 원문 표 참조). site 항목은 사이트 수×월수 곱한 시험당 합계임(사이트 1곳당 값 아님)
F04-SE-3031,Sertkaya 2016,cost_component,P1,all(weighted),전체,US,site_recruitment_per_study,weighted_mean,51904,USD,2004-2012,13 TA weighted,ASPE/ERG 2014 Table 2 (p.3-6) 가중평균,PICAS 2004-2012,2,direct,primary_confirmed,2029-12,시험 1건 기준 항목별 비용(표준편차는 원문 표 참조). site 항목은 사이트 수×월수 곱한 시험당 합계임(사이트 1곳당 값 아님)
F04-SE-3032,Sertkaya 2016,cost_component,P2,all(weighted),전체,US,site_recruitment_per_study,weighted_mean,233729,USD,2004-2012,13 TA weighted,ASPE/ERG 2014 Table 2 (p.3-6) 가중평균,PICAS 2004-2012,2,direct,primary_confirmed,2029-12,시험 1건 기준 항목별 비용(표준편차는 원문 표 참조). site 항목은 사이트 수×월수 곱한 시험당 합계임(사이트 1곳당 값 아님)
F04-SE-3033,Sertkaya 2016,cost_component,P3,all(weighted),전체,US,site_recruitment_per_study,weighted_mean,395182,USD,2004-2012,13 TA weighted,ASPE/ERG 2014 Table 2 (p.3-6) 가중평균,PICAS 2004-2012,2,direct,primary_confirmed,2029-12,시험 1건 기준 항목별 비용(표준편차는 원문 표 참조). site 항목은 사이트 수×월수 곱한 시험당 합계임(사이트 1곳당 값 아님)
F04-SE-3034,Sertkaya 2016,cost_component,P1,all(weighted),전체,US,site_retention_per_study,weighted_mean,193615,USD,2004-2012,13 TA weighted,ASPE/ERG 2014 Table 2 (p.3-6) 가중평균,PICAS 2004-2012,2,direct,primary_confirmed,2029-12,시험 1건 기준 항목별 비용(표준편차는 원문 표 참조). site 항목은 사이트 수×월수 곱한 시험당 합계임(사이트 1곳당 값 아님)
F04-SE-3035,Sertkaya 2016,cost_component,P2,all(weighted),전체,US,site_retention_per_study,weighted_mean,1127005,USD,2004-2012,13 TA weighted,ASPE/ERG 2014 Table 2 (p.3-6) 가중평균,PICAS 2004-2012,2,direct,primary_confirmed,2029-12,시험 1건 기준 항목별 비용(표준편차는 원문 표 참조). site 항목은 사이트 수×월수 곱한 시험당 합계임(사이트 1곳당 값 아님)
F04-SE-3036,Sertkaya 2016,cost_component,P3,all(weighted),전체,US,site_retention_per_study,weighted_mean,1305361,USD,2004-2012,13 TA weighted,ASPE/ERG 2014 Table 2 (p.3-6) 가중평균,PICAS 2004-2012,2,direct,primary_confirmed,2029-12,시험 1건 기준 항목별 비용(표준편차는 원문 표 참조). site 항목은 사이트 수×월수 곱한 시험당 합계임(사이트 1곳당 값 아님)
F04-SE-3037,Sertkaya 2016,cost_component,P1,all(weighted),전체,US,administrative_staff_per_study,weighted_mean,237869,USD,2004-2012,13 TA weighted,ASPE/ERG 2014 Table 2 (p.3-6) 가중평균,PICAS 2004-2012,2,direct,primary_confirmed,2029-12,시험 1건 기준 항목별 비용(표준편차는 원문 표 참조). site 항목은 사이트 수×월수 곱한 시험당 합계임(사이트 1곳당 값 아님)
F04-SE-3038,Sertkaya 2016,cost_component,P2,all(weighted),전체,US,administrative_staff_per_study,weighted_mean,1347390,USD,2004-2012,13 TA weighted,ASPE/ERG 2014 Table 2 (p.3-6) 가중평균,PICAS 2004-2012,2,direct,primary_confirmed,2029-12,시험 1건 기준 항목별 비용(표준편차는 원문 표 참조). site 항목은 사이트 수×월수 곱한 시험당 합계임(사이트 1곳당 값 아님)
F04-SE-3039,Sertkaya 2016,cost_component,P3,all(weighted),전체,US,administrative_staff_per_study,weighted_mean,2321628,USD,2004-2012,13 TA weighted,ASPE/ERG 2014 Table 2 (p.3-6) 가중평균,PICAS 2004-2012,2,direct,primary_confirmed,2029-12,시험 1건 기준 항목별 비용(표준편차는 원문 표 참조). site 항목은 사이트 수×월수 곱한 시험당 합계임(사이트 1곳당 값 아님)
F04-SE-3040,Sertkaya 2016,cost_component,P1,all(weighted),전체,US,site_monitoring_per_study,weighted_mean,198896,USD,2004-2012,13 TA weighted,ASPE/ERG 2014 Table 2 (p.3-6) 가중평균,PICAS 2004-2012,2,direct,primary_confirmed,2029-12,시험 1건 기준 항목별 비용(표준편차는 원문 표 참조). site 항목은 사이트 수×월수 곱한 시험당 합계임(사이트 1곳당 값 아님)
F04-SE-3041,Sertkaya 2016,cost_component,P2,all(weighted),전체,US,site_monitoring_per_study,weighted_mean,1083186,USD,2004-2012,13 TA weighted,ASPE/ERG 2014 Table 2 (p.3-6) 가중평균,PICAS 2004-2012,2,direct,primary_confirmed,2029-12,시험 1건 기준 항목별 비용(표준편차는 원문 표 참조). site 항목은 사이트 수×월수 곱한 시험당 합계임(사이트 1곳당 값 아님)
F04-SE-3042,Sertkaya 2016,cost_component,P3,all(weighted),전체,US,site_monitoring_per_study,weighted_mean,1624874,USD,2004-2012,13 TA weighted,ASPE/ERG 2014 Table 2 (p.3-6) 가중평균,PICAS 2004-2012,2,direct,primary_confirmed,2029-12,시험 1건 기준 항목별 비용(표준편차는 원문 표 참조). site 항목은 사이트 수×월수 곱한 시험당 합계임(사이트 1곳당 값 아님)
F04-SE-3043,Sertkaya 2016,cost_component,P1,all(weighted),전체,US,site_overhead_per_study(extrapolated),weighted_mean,528685,USD,2004-2012,13 TA weighted,ASPE/ERG 2014 Table 2 (p.3-6) 가중평균,PICAS 2004-2012,2,direct,primary_confirmed,2029-12,시험 1건 기준 항목별 비용(표준편차는 원문 표 참조). site 항목은 사이트 수×월수 곱한 시험당 합계임(사이트 1곳당 값 아님)
F04-SE-3044,Sertkaya 2016,cost_component,P2,all(weighted),전체,US,site_overhead_per_study(extrapolated),weighted_mean,1741811,USD,2004-2012,13 TA weighted,ASPE/ERG 2014 Table 2 (p.3-6) 가중평균,PICAS 2004-2012,2,direct,primary_confirmed,2029-12,시험 1건 기준 항목별 비용(표준편차는 원문 표 참조). site 항목은 사이트 수×월수 곱한 시험당 합계임(사이트 1곳당 값 아님)
F04-SE-3045,Sertkaya 2016,cost_component,P3,all(weighted),전체,US,site_overhead_per_study(extrapolated),weighted_mean,2541313,USD,2004-2012,13 TA weighted,ASPE/ERG 2014 Table 2 (p.3-6) 가중평균,PICAS 2004-2012,2,direct,primary_confirmed,2029-12,시험 1건 기준 항목별 비용(표준편차는 원문 표 참조). site 항목은 사이트 수×월수 곱한 시험당 합계임(사이트 1곳당 값 아님)
F04-SE-3046,Sertkaya 2016,cost_component,P1,all(weighted),전체,US,all_other_costs_per_study(extrapolated),weighted_mean,1139887,USD,2004-2012,13 TA weighted,ASPE/ERG 2014 Table 2 (p.3-6) 가중평균,PICAS 2004-2012,2,direct,primary_confirmed,2029-12,시험 1건 기준 항목별 비용(표준편차는 원문 표 참조). site 항목은 사이트 수×월수 곱한 시험당 합계임(사이트 1곳당 값 아님)
F04-SE-3047,Sertkaya 2016,cost_component,P2,all(weighted),전체,US,all_other_costs_per_study(extrapolated),weighted_mean,4003615,USD,2004-2012,13 TA weighted,ASPE/ERG 2014 Table 2 (p.3-6) 가중평균,PICAS 2004-2012,2,direct,primary_confirmed,2029-12,시험 1건 기준 항목별 비용(표준편차는 원문 표 참조). site 항목은 사이트 수×월수 곱한 시험당 합계임(사이트 1곳당 값 아님)
F04-SE-3048,Sertkaya 2016,cost_component,P3,all(weighted),전체,US,all_other_costs_per_study(extrapolated),weighted_mean,5967193,USD,2004-2012,13 TA weighted,ASPE/ERG 2014 Table 2 (p.3-6) 가중평균,PICAS 2004-2012,2,direct,primary_confirmed,2029-12,시험 1건 기준 항목별 비용(표준편차는 원문 표 참조). site 항목은 사이트 수×월수 곱한 시험당 합계임(사이트 1곳당 값 아님)
F04-AS-1001,ASPE/ERG 2024 (Sertkaya & Berger),cost_per_patient,P1,anti-infective,감염,US,all,weighted_mean,19399,USD,2018,"Medidata 2004-2012 + IQVIA GrantPlan 2015-2019 + Cutting Edge 2013(140 trials), 연구 수 가중","ASPE/ERG 2024 'Drug Development' (Sertkaya & Berger, 2024-09-26) Table 2 (pp.10-11); Table 4 (p.17); Table 6 (p.20)",2004-2019(혼합),2,direct,primary_confirmed,2032-12,"총 시험비용÷등록환자 수(study+patient+site 비용 모두 포함, p.20). CMC·제조비용 제외(p.34). FE-A03 환자당 단가 1순위 후보"
F04-AS-1002,ASPE/ERG 2024 (Sertkaya & Berger),cost_per_patient,P2,anti-infective,감염,US,all,weighted_mean,59289,USD,2018,"Medidata 2004-2012 + IQVIA GrantPlan 2015-2019 + Cutting Edge 2013(140 trials), 연구 수 가중","ASPE/ERG 2024 'Drug Development' (Sertkaya & Berger, 2024-09-26) Table 2 (pp.10-11); Table 4 (p.17); Table 6 (p.20)",2004-2019(혼합),2,direct,primary_confirmed,2032-12,"총 시험비용÷등록환자 수(study+patient+site 비용 모두 포함, p.20). CMC·제조비용 제외(p.34). FE-A03 환자당 단가 1순위 후보"
F04-AS-1003,ASPE/ERG 2024 (Sertkaya & Berger),cost_per_patient,P3,anti-infective,감염,US,all,weighted_mean,30001,USD,2018,"Medidata 2004-2012 + IQVIA GrantPlan 2015-2019 + Cutting Edge 2013(140 trials), 연구 수 가중","ASPE/ERG 2024 'Drug Development' (Sertkaya & Berger, 2024-09-26) Table 2 (pp.10-11); Table 4 (p.17); Table 6 (p.20)",2004-2019(혼합),2,direct,primary_confirmed,2032-12,"총 시험비용÷등록환자 수(study+patient+site 비용 모두 포함, p.20). CMC·제조비용 제외(p.34). FE-A03 환자당 단가 1순위 후보"
F04-AS-1004,ASPE/ERG 2024 (Sertkaya & Berger),cost_per_patient,P1,cardiovascular,심혈관,US,all,weighted_mean,59456,USD,2018,"Medidata 2004-2012 + IQVIA GrantPlan 2015-2019 + Cutting Edge 2013(140 trials), 연구 수 가중","ASPE/ERG 2024 'Drug Development' (Sertkaya & Berger, 2024-09-26) Table 2 (pp.10-11); Table 4 (p.17); Table 6 (p.20)",2004-2019(혼합),2,direct,primary_confirmed,2032-12,"총 시험비용÷등록환자 수(study+patient+site 비용 모두 포함, p.20). CMC·제조비용 제외(p.34). FE-A03 환자당 단가 1순위 후보"
F04-AS-1005,ASPE/ERG 2024 (Sertkaya & Berger),cost_per_patient,P2,cardiovascular,심혈관,US,all,weighted_mean,41323,USD,2018,"Medidata 2004-2012 + IQVIA GrantPlan 2015-2019 + Cutting Edge 2013(140 trials), 연구 수 가중","ASPE/ERG 2024 'Drug Development' (Sertkaya & Berger, 2024-09-26) Table 2 (pp.10-11); Table 4 (p.17); Table 6 (p.20)",2004-2019(혼합),2,direct,primary_confirmed,2032-12,"총 시험비용÷등록환자 수(study+patient+site 비용 모두 포함, p.20). CMC·제조비용 제외(p.34). FE-A03 환자당 단가 1순위 후보"
F04-AS-1006,ASPE/ERG 2024 (Sertkaya & Berger),cost_per_patient,P3,cardiovascular,심혈관,US,all,weighted_mean,33084,USD,2018,"Medidata 2004-2012 + IQVIA GrantPlan 2015-2019 + Cutting Edge 2013(140 trials), 연구 수 가중","ASPE/ERG 2024 'Drug Development' (Sertkaya & Berger, 2024-09-26) Table 2 (pp.10-11); Table 4 (p.17); Table 6 (p.20)",2004-2019(혼합),2,direct,primary_confirmed,2032-12,"총 시험비용÷등록환자 수(study+patient+site 비용 모두 포함, p.20). CMC·제조비용 제외(p.34). FE-A03 환자당 단가 1순위 후보"
F04-AS-1007,ASPE/ERG 2024 (Sertkaya & Berger),cost_per_patient,P1,central_nervous_system,중추신경(신경),US,all,weighted_mean,87390,USD,2018,"Medidata 2004-2012 + IQVIA GrantPlan 2015-2019 + Cutting Edge 2013(140 trials), 연구 수 가중","ASPE/ERG 2024 'Drug Development' (Sertkaya & Berger, 2024-09-26) Table 2 (pp.10-11); Table 4 (p.17); Table 6 (p.20)",2004-2019(혼합),2,direct,primary_confirmed,2032-12,"총 시험비용÷등록환자 수(study+patient+site 비용 모두 포함, p.20). CMC·제조비용 제외(p.34). FE-A03 환자당 단가 1순위 후보"
F04-AS-1008,ASPE/ERG 2024 (Sertkaya & Berger),cost_per_patient,P2,central_nervous_system,중추신경(신경),US,all,weighted_mean,48767,USD,2018,"Medidata 2004-2012 + IQVIA GrantPlan 2015-2019 + Cutting Edge 2013(140 trials), 연구 수 가중","ASPE/ERG 2024 'Drug Development' (Sertkaya & Berger, 2024-09-26) Table 2 (pp.10-11); Table 4 (p.17); Table 6 (p.20)",2004-2019(혼합),2,direct,primary_confirmed,2032-12,"총 시험비용÷등록환자 수(study+patient+site 비용 모두 포함, p.20). CMC·제조비용 제외(p.34). FE-A03 환자당 단가 1순위 후보"
F04-AS-1009,ASPE/ERG 2024 (Sertkaya & Berger),cost_per_patient,P3,central_nervous_system,중추신경(신경),US,all,weighted_mean,39612,USD,2018,"Medidata 2004-2012 + IQVIA GrantPlan 2015-2019 + Cutting Edge 2013(140 trials), 연구 수 가중","ASPE/ERG 2024 'Drug Development' (Sertkaya & Berger, 2024-09-26) Table 2 (pp.10-11); Table 4 (p.17); Table 6 (p.20)",2004-2019(혼합),2,direct,primary_confirmed,2032-12,"총 시험비용÷등록환자 수(study+patient+site 비용 모두 포함, p.20). CMC·제조비용 제외(p.34). FE-A03 환자당 단가 1순위 후보"
F04-AS-1010,ASPE/ERG 2024 (Sertkaya & Berger),cost_per_patient,P1,dermatology,기타,US,all,weighted_mean,35450,USD,2018,"Medidata 2004-2012 + IQVIA GrantPlan 2015-2019 + Cutting Edge 2013(140 trials), 연구 수 가중","ASPE/ERG 2024 'Drug Development' (Sertkaya & Berger, 2024-09-26) Table 2 (pp.10-11); Table 4 (p.17); Table 6 (p.20)",2004-2019(혼합),2,direct,primary_confirmed,2032-12,"총 시험비용÷등록환자 수(study+patient+site 비용 모두 포함, p.20). CMC·제조비용 제외(p.34). FE-A03 환자당 단가 1순위 후보"
F04-AS-1011,ASPE/ERG 2024 (Sertkaya & Berger),cost_per_patient,P2,dermatology,기타,US,all,weighted_mean,66661,USD,2018,"Medidata 2004-2012 + IQVIA GrantPlan 2015-2019 + Cutting Edge 2013(140 trials), 연구 수 가중","ASPE/ERG 2024 'Drug Development' (Sertkaya & Berger, 2024-09-26) Table 2 (pp.10-11); Table 4 (p.17); Table 6 (p.20)",2004-2019(혼합),2,direct,primary_confirmed,2032-12,"총 시험비용÷등록환자 수(study+patient+site 비용 모두 포함, p.20). CMC·제조비용 제외(p.34). FE-A03 환자당 단가 1순위 후보"
F04-AS-1012,ASPE/ERG 2024 (Sertkaya & Berger),cost_per_patient,P3,dermatology,기타,US,all,weighted_mean,48587,USD,2018,"Medidata 2004-2012 + IQVIA GrantPlan 2015-2019 + Cutting Edge 2013(140 trials), 연구 수 가중","ASPE/ERG 2024 'Drug Development' (Sertkaya & Berger, 2024-09-26) Table 2 (pp.10-11); Table 4 (p.17); Table 6 (p.20)",2004-2019(혼합),2,direct,primary_confirmed,2032-12,"총 시험비용÷등록환자 수(study+patient+site 비용 모두 포함, p.20). CMC·제조비용 제외(p.34). FE-A03 환자당 단가 1순위 후보"
F04-AS-1013,ASPE/ERG 2024 (Sertkaya & Berger),cost_per_patient,P1,endocrine,대사·내분비,US,all,weighted_mean,85463,USD,2018,"Medidata 2004-2012 + IQVIA GrantPlan 2015-2019 + Cutting Edge 2013(140 trials), 연구 수 가중","ASPE/ERG 2024 'Drug Development' (Sertkaya & Berger, 2024-09-26) Table 2 (pp.10-11); Table 4 (p.17); Table 6 (p.20)",2004-2019(혼합),2,direct,primary_confirmed,2032-12,"총 시험비용÷등록환자 수(study+patient+site 비용 모두 포함, p.20). CMC·제조비용 제외(p.34). FE-A03 환자당 단가 1순위 후보"
F04-AS-1014,ASPE/ERG 2024 (Sertkaya & Berger),cost_per_patient,P2,endocrine,대사·내분비,US,all,weighted_mean,51556,USD,2018,"Medidata 2004-2012 + IQVIA GrantPlan 2015-2019 + Cutting Edge 2013(140 trials), 연구 수 가중","ASPE/ERG 2024 'Drug Development' (Sertkaya & Berger, 2024-09-26) Table 2 (pp.10-11); Table 4 (p.17); Table 6 (p.20)",2004-2019(혼합),2,direct,primary_confirmed,2032-12,"총 시험비용÷등록환자 수(study+patient+site 비용 모두 포함, p.20). CMC·제조비용 제외(p.34). FE-A03 환자당 단가 1순위 후보"
F04-AS-1015,ASPE/ERG 2024 (Sertkaya & Berger),cost_per_patient,P3,endocrine,대사·내분비,US,all,weighted_mean,48753,USD,2018,"Medidata 2004-2012 + IQVIA GrantPlan 2015-2019 + Cutting Edge 2013(140 trials), 연구 수 가중","ASPE/ERG 2024 'Drug Development' (Sertkaya & Berger, 2024-09-26) Table 2 (pp.10-11); Table 4 (p.17); Table 6 (p.20)",2004-2019(혼합),2,direct,primary_confirmed,2032-12,"총 시험비용÷등록환자 수(study+patient+site 비용 모두 포함, p.20). CMC·제조비용 제외(p.34). FE-A03 환자당 단가 1순위 후보"
F04-AS-1016,ASPE/ERG 2024 (Sertkaya & Berger),cost_per_patient,P1,gastrointestinal,기타,US,all,weighted_mean,61848,USD,2018,"Medidata 2004-2012 + IQVIA GrantPlan 2015-2019 + Cutting Edge 2013(140 trials), 연구 수 가중","ASPE/ERG 2024 'Drug Development' (Sertkaya & Berger, 2024-09-26) Table 2 (pp.10-11); Table 4 (p.17); Table 6 (p.20)",2004-2019(혼합),2,direct,primary_confirmed,2032-12,"총 시험비용÷등록환자 수(study+patient+site 비용 모두 포함, p.20). CMC·제조비용 제외(p.34). FE-A03 환자당 단가 1순위 후보"
F04-AS-1017,ASPE/ERG 2024 (Sertkaya & Berger),cost_per_patient,P2,gastrointestinal,기타,US,all,weighted_mean,63590,USD,2018,"Medidata 2004-2012 + IQVIA GrantPlan 2015-2019 + Cutting Edge 2013(140 trials), 연구 수 가중","ASPE/ERG 2024 'Drug Development' (Sertkaya & Berger, 2024-09-26) Table 2 (pp.10-11); Table 4 (p.17); Table 6 (p.20)",2004-2019(혼합),2,direct,primary_confirmed,2032-12,"총 시험비용÷등록환자 수(study+patient+site 비용 모두 포함, p.20). CMC·제조비용 제외(p.34). FE-A03 환자당 단가 1순위 후보"
F04-AS-1018,ASPE/ERG 2024 (Sertkaya & Berger),cost_per_patient,P3,gastrointestinal,기타,US,all,weighted_mean,47656,USD,2018,"Medidata 2004-2012 + IQVIA GrantPlan 2015-2019 + Cutting Edge 2013(140 trials), 연구 수 가중","ASPE/ERG 2024 'Drug Development' (Sertkaya & Berger, 2024-09-26) Table 2 (pp.10-11); Table 4 (p.17); Table 6 (p.20)",2004-2019(혼합),2,direct,primary_confirmed,2032-12,"총 시험비용÷등록환자 수(study+patient+site 비용 모두 포함, p.20). CMC·제조비용 제외(p.34). FE-A03 환자당 단가 1순위 후보"
F04-AS-1019,ASPE/ERG 2024 (Sertkaya & Berger),cost_per_patient,P1,genitourinary,기타,US,all,weighted_mean,53770,USD,2018,"Medidata 2004-2012 + IQVIA GrantPlan 2015-2019 + Cutting Edge 2013(140 trials), 연구 수 가중","ASPE/ERG 2024 'Drug Development' (Sertkaya & Berger, 2024-09-26) Table 2 (pp.10-11); Table 4 (p.17); Table 6 (p.20)",2004-2019(혼합),2,direct,primary_confirmed,2032-12,"총 시험비용÷등록환자 수(study+patient+site 비용 모두 포함, p.20). CMC·제조비용 제외(p.34). FE-A03 환자당 단가 1순위 후보"
F04-AS-1020,ASPE/ERG 2024 (Sertkaya & Berger),cost_per_patient,P2,genitourinary,기타,US,all,weighted_mean,45781,USD,2018,"Medidata 2004-2012 + IQVIA GrantPlan 2015-2019 + Cutting Edge 2013(140 trials), 연구 수 가중","ASPE/ERG 2024 'Drug Development' (Sertkaya & Berger, 2024-09-26) Table 2 (pp.10-11); Table 4 (p.17); Table 6 (p.20)",2004-2019(혼합),2,direct,primary_confirmed,2032-12,"총 시험비용÷등록환자 수(study+patient+site 비용 모두 포함, p.20). CMC·제조비용 제외(p.34). FE-A03 환자당 단가 1순위 후보"
F04-AS-1021,ASPE/ERG 2024 (Sertkaya & Berger),cost_per_patient,P3,genitourinary,기타,US,all,weighted_mean,38930,USD,2018,"Medidata 2004-2012 + IQVIA GrantPlan 2015-2019 + Cutting Edge 2013(140 trials), 연구 수 가중","ASPE/ERG 2024 'Drug Development' (Sertkaya & Berger, 2024-09-26) Table 2 (pp.10-11); Table 4 (p.17); Table 6 (p.20)",2004-2019(혼합),2,direct,primary_confirmed,2032-12,"총 시험비용÷등록환자 수(study+patient+site 비용 모두 포함, p.20). CMC·제조비용 제외(p.34). FE-A03 환자당 단가 1순위 후보"
F04-AS-1022,ASPE/ERG 2024 (Sertkaya & Berger),cost_per_patient,P1,hematology,기타,US,all,weighted_mean,349363,USD,2018,"Medidata 2004-2012 + IQVIA GrantPlan 2015-2019 + Cutting Edge 2013(140 trials), 연구 수 가중","ASPE/ERG 2024 'Drug Development' (Sertkaya & Berger, 2024-09-26) Table 2 (pp.10-11); Table 4 (p.17); Table 6 (p.20)",2004-2019(혼합),2,direct,primary_confirmed,2032-12,"총 시험비용÷등록환자 수(study+patient+site 비용 모두 포함, p.20). CMC·제조비용 제외(p.34). FE-A03 환자당 단가 1순위 후보 Hematology 각주[a]: 표본 수 적고 적응증 편중으로 대표성 매우 제한"
F04-AS-1023,ASPE/ERG 2024 (Sertkaya & Berger),cost_per_patient,P2,hematology,기타,US,all,weighted_mean,100554,USD,2018,"Medidata 2004-2012 + IQVIA GrantPlan 2015-2019 + Cutting Edge 2013(140 trials), 연구 수 가중","ASPE/ERG 2024 'Drug Development' (Sertkaya & Berger, 2024-09-26) Table 2 (pp.10-11); Table 4 (p.17); Table 6 (p.20)",2004-2019(혼합),2,direct,primary_confirmed,2032-12,"총 시험비용÷등록환자 수(study+patient+site 비용 모두 포함, p.20). CMC·제조비용 제외(p.34). FE-A03 환자당 단가 1순위 후보 Hematology 각주[a]: 표본 수 적고 적응증 편중으로 대표성 매우 제한"
F04-AS-1024,ASPE/ERG 2024 (Sertkaya & Berger),cost_per_patient,P3,hematology,기타,US,all,weighted_mean,118473,USD,2018,"Medidata 2004-2012 + IQVIA GrantPlan 2015-2019 + Cutting Edge 2013(140 trials), 연구 수 가중","ASPE/ERG 2024 'Drug Development' (Sertkaya & Berger, 2024-09-26) Table 2 (pp.10-11); Table 4 (p.17); Table 6 (p.20)",2004-2019(혼합),2,direct,primary_confirmed,2032-12,"총 시험비용÷등록환자 수(study+patient+site 비용 모두 포함, p.20). CMC·제조비용 제외(p.34). FE-A03 환자당 단가 1순위 후보 Hematology 각주[a]: 표본 수 적고 적응증 편중으로 대표성 매우 제한"
F04-AS-1025,ASPE/ERG 2024 (Sertkaya & Berger),cost_per_patient,P1,oncology,항암,US,all,weighted_mean,103344,USD,2018,"Medidata 2004-2012 + IQVIA GrantPlan 2015-2019 + Cutting Edge 2013(140 trials), 연구 수 가중","ASPE/ERG 2024 'Drug Development' (Sertkaya & Berger, 2024-09-26) Table 2 (pp.10-11); Table 4 (p.17); Table 6 (p.20)",2004-2019(혼합),2,direct,primary_confirmed,2032-12,"총 시험비용÷등록환자 수(study+patient+site 비용 모두 포함, p.20). CMC·제조비용 제외(p.34). FE-A03 환자당 단가 1순위 후보"
F04-AS-1026,ASPE/ERG 2024 (Sertkaya & Berger),cost_per_patient,P2,oncology,항암,US,all,weighted_mean,78753,USD,2018,"Medidata 2004-2012 + IQVIA GrantPlan 2015-2019 + Cutting Edge 2013(140 trials), 연구 수 가중","ASPE/ERG 2024 'Drug Development' (Sertkaya & Berger, 2024-09-26) Table 2 (pp.10-11); Table 4 (p.17); Table 6 (p.20)",2004-2019(혼합),2,direct,primary_confirmed,2032-12,"총 시험비용÷등록환자 수(study+patient+site 비용 모두 포함, p.20). CMC·제조비용 제외(p.34). FE-A03 환자당 단가 1순위 후보"
F04-AS-1027,ASPE/ERG 2024 (Sertkaya & Berger),cost_per_patient,P3,oncology,항암,US,all,weighted_mean,93145,USD,2018,"Medidata 2004-2012 + IQVIA GrantPlan 2015-2019 + Cutting Edge 2013(140 trials), 연구 수 가중","ASPE/ERG 2024 'Drug Development' (Sertkaya & Berger, 2024-09-26) Table 2 (pp.10-11); Table 4 (p.17); Table 6 (p.20)",2004-2019(혼합),2,direct,primary_confirmed,2032-12,"총 시험비용÷등록환자 수(study+patient+site 비용 모두 포함, p.20). CMC·제조비용 제외(p.34). FE-A03 환자당 단가 1순위 후보"
F04-AS-1028,ASPE/ERG 2024 (Sertkaya & Berger),cost_per_patient,P1,respiratory,기타,US,all,weighted_mean,44330,USD,2018,"Medidata 2004-2012 + IQVIA GrantPlan 2015-2019 + Cutting Edge 2013(140 trials), 연구 수 가중","ASPE/ERG 2024 'Drug Development' (Sertkaya & Berger, 2024-09-26) Table 2 (pp.10-11); Table 4 (p.17); Table 6 (p.20)",2004-2019(혼합),2,direct,primary_confirmed,2032-12,"총 시험비용÷등록환자 수(study+patient+site 비용 모두 포함, p.20). CMC·제조비용 제외(p.34). FE-A03 환자당 단가 1순위 후보"
F04-AS-1029,ASPE/ERG 2024 (Sertkaya & Berger),cost_per_patient,P2,respiratory,기타,US,all,weighted_mean,43563,USD,2018,"Medidata 2004-2012 + IQVIA GrantPlan 2015-2019 + Cutting Edge 2013(140 trials), 연구 수 가중","ASPE/ERG 2024 'Drug Development' (Sertkaya & Berger, 2024-09-26) Table 2 (pp.10-11); Table 4 (p.17); Table 6 (p.20)",2004-2019(혼합),2,direct,primary_confirmed,2032-12,"총 시험비용÷등록환자 수(study+patient+site 비용 모두 포함, p.20). CMC·제조비용 제외(p.34). FE-A03 환자당 단가 1순위 후보"
F04-AS-1030,ASPE/ERG 2024 (Sertkaya & Berger),cost_per_patient,P3,respiratory,기타,US,all,weighted_mean,46764,USD,2018,"Medidata 2004-2012 + IQVIA GrantPlan 2015-2019 + Cutting Edge 2013(140 trials), 연구 수 가중","ASPE/ERG 2024 'Drug Development' (Sertkaya & Berger, 2024-09-26) Table 2 (pp.10-11); Table 4 (p.17); Table 6 (p.20)",2004-2019(혼합),2,direct,primary_confirmed,2032-12,"총 시험비용÷등록환자 수(study+patient+site 비용 모두 포함, p.20). CMC·제조비용 제외(p.34). FE-A03 환자당 단가 1순위 후보"
F04-AS-1031,ASPE/ERG 2024 (Sertkaya & Berger),cost_per_patient,P1,ophthalmology,기타,US,all,weighted_mean,50999,USD,2018,"Medidata 2004-2012 + IQVIA GrantPlan 2015-2019 + Cutting Edge 2013(140 trials), 연구 수 가중","ASPE/ERG 2024 'Drug Development' (Sertkaya & Berger, 2024-09-26) Table 2 (pp.10-11); Table 4 (p.17); Table 6 (p.20)",2004-2019(혼합),2,direct,primary_confirmed,2032-12,"총 시험비용÷등록환자 수(study+patient+site 비용 모두 포함, p.20). CMC·제조비용 제외(p.34). FE-A03 환자당 단가 1순위 후보"
F04-AS-1032,ASPE/ERG 2024 (Sertkaya & Berger),cost_per_patient,P2,ophthalmology,기타,US,all,weighted_mean,48438,USD,2018,"Medidata 2004-2012 + IQVIA GrantPlan 2015-2019 + Cutting Edge 2013(140 trials), 연구 수 가중","ASPE/ERG 2024 'Drug Development' (Sertkaya & Berger, 2024-09-26) Table 2 (pp.10-11); Table 4 (p.17); Table 6 (p.20)",2004-2019(혼합),2,direct,primary_confirmed,2032-12,"총 시험비용÷등록환자 수(study+patient+site 비용 모두 포함, p.20). CMC·제조비용 제외(p.34). FE-A03 환자당 단가 1순위 후보"
F04-AS-1033,ASPE/ERG 2024 (Sertkaya & Berger),cost_per_patient,P3,ophthalmology,기타,US,all,weighted_mean,79933,USD,2018,"Medidata 2004-2012 + IQVIA GrantPlan 2015-2019 + Cutting Edge 2013(140 trials), 연구 수 가중","ASPE/ERG 2024 'Drug Development' (Sertkaya & Berger, 2024-09-26) Table 2 (pp.10-11); Table 4 (p.17); Table 6 (p.20)",2004-2019(혼합),2,direct,primary_confirmed,2032-12,"총 시험비용÷등록환자 수(study+patient+site 비용 모두 포함, p.20). CMC·제조비용 제외(p.34). FE-A03 환자당 단가 1순위 후보"
F04-AS-1034,ASPE/ERG 2024 (Sertkaya & Berger),cost_per_patient,P1,pain_anesthesia,기타,US,all,weighted_mean,90370,USD,2018,"Medidata 2004-2012 + IQVIA GrantPlan 2015-2019 + Cutting Edge 2013(140 trials), 연구 수 가중","ASPE/ERG 2024 'Drug Development' (Sertkaya & Berger, 2024-09-26) Table 2 (pp.10-11); Table 4 (p.17); Table 6 (p.20)",2004-2019(혼합),2,direct,primary_confirmed,2032-12,"총 시험비용÷등록환자 수(study+patient+site 비용 모두 포함, p.20). CMC·제조비용 제외(p.34). FE-A03 환자당 단가 1순위 후보"
F04-AS-1035,ASPE/ERG 2024 (Sertkaya & Berger),cost_per_patient,P2,pain_anesthesia,기타,US,all,weighted_mean,77726,USD,2018,"Medidata 2004-2012 + IQVIA GrantPlan 2015-2019 + Cutting Edge 2013(140 trials), 연구 수 가중","ASPE/ERG 2024 'Drug Development' (Sertkaya & Berger, 2024-09-26) Table 2 (pp.10-11); Table 4 (p.17); Table 6 (p.20)",2004-2019(혼합),2,direct,primary_confirmed,2032-12,"총 시험비용÷등록환자 수(study+patient+site 비용 모두 포함, p.20). CMC·제조비용 제외(p.34). FE-A03 환자당 단가 1순위 후보"
F04-AS-1036,ASPE/ERG 2024 (Sertkaya & Berger),cost_per_patient,P3,pain_anesthesia,기타,US,all,weighted_mean,60751,USD,2018,"Medidata 2004-2012 + IQVIA GrantPlan 2015-2019 + Cutting Edge 2013(140 trials), 연구 수 가중","ASPE/ERG 2024 'Drug Development' (Sertkaya & Berger, 2024-09-26) Table 2 (pp.10-11); Table 4 (p.17); Table 6 (p.20)",2004-2019(혼합),2,direct,primary_confirmed,2032-12,"총 시험비용÷등록환자 수(study+patient+site 비용 모두 포함, p.20). CMC·제조비용 제외(p.34). FE-A03 환자당 단가 1순위 후보"
F04-AS-1037,ASPE/ERG 2024 (Sertkaya & Berger),cost_per_patient,P1,immunomodulation,기타,US,all,weighted_mean,63471,USD,2018,"Medidata 2004-2012 + IQVIA GrantPlan 2015-2019 + Cutting Edge 2013(140 trials), 연구 수 가중","ASPE/ERG 2024 'Drug Development' (Sertkaya & Berger, 2024-09-26) Table 2 (pp.10-11); Table 4 (p.17); Table 6 (p.20)",2004-2019(혼합),2,direct,primary_confirmed,2032-12,"총 시험비용÷등록환자 수(study+patient+site 비용 모두 포함, p.20). CMC·제조비용 제외(p.34). FE-A03 환자당 단가 1순위 후보"
F04-AS-1038,ASPE/ERG 2024 (Sertkaya & Berger),cost_per_patient,P2,immunomodulation,기타,US,all,weighted_mean,47897,USD,2018,"Medidata 2004-2012 + IQVIA GrantPlan 2015-2019 + Cutting Edge 2013(140 trials), 연구 수 가중","ASPE/ERG 2024 'Drug Development' (Sertkaya & Berger, 2024-09-26) Table 2 (pp.10-11); Table 4 (p.17); Table 6 (p.20)",2004-2019(혼합),2,direct,primary_confirmed,2032-12,"총 시험비용÷등록환자 수(study+patient+site 비용 모두 포함, p.20). CMC·제조비용 제외(p.34). FE-A03 환자당 단가 1순위 후보"
F04-AS-1039,ASPE/ERG 2024 (Sertkaya & Berger),cost_per_patient,P3,immunomodulation,기타,US,all,weighted_mean,54909,USD,2018,"Medidata 2004-2012 + IQVIA GrantPlan 2015-2019 + Cutting Edge 2013(140 trials), 연구 수 가중","ASPE/ERG 2024 'Drug Development' (Sertkaya & Berger, 2024-09-26) Table 2 (pp.10-11); Table 4 (p.17); Table 6 (p.20)",2004-2019(혼합),2,direct,primary_confirmed,2032-12,"총 시험비용÷등록환자 수(study+patient+site 비용 모두 포함, p.20). CMC·제조비용 제외(p.34). FE-A03 환자당 단가 1순위 후보"
F04-AS-1040,ASPE/ERG 2024 (Sertkaya & Berger),cost_per_patient,P1,all,전체,US,all,weighted_mean,81338,USD,2018,"Medidata 2004-2012 + IQVIA GrantPlan 2015-2019 + Cutting Edge 2013(140 trials), 연구 수 가중","ASPE/ERG 2024 'Drug Development' (Sertkaya & Berger, 2024-09-26) Table 2 (pp.10-11); Table 4 (p.17); Table 6 (p.20)",2004-2019(혼합),2,direct,primary_confirmed,2032-12,"총 시험비용÷등록환자 수(study+patient+site 비용 모두 포함, p.20). CMC·제조비용 제외(p.34). FE-A03 환자당 단가 1순위 후보"
F04-AS-1041,ASPE/ERG 2024 (Sertkaya & Berger),cost_per_patient,P2,all,전체,US,all,weighted_mean,58618,USD,2018,"Medidata 2004-2012 + IQVIA GrantPlan 2015-2019 + Cutting Edge 2013(140 trials), 연구 수 가중","ASPE/ERG 2024 'Drug Development' (Sertkaya & Berger, 2024-09-26) Table 2 (pp.10-11); Table 4 (p.17); Table 6 (p.20)",2004-2019(혼합),2,direct,primary_confirmed,2032-12,"총 시험비용÷등록환자 수(study+patient+site 비용 모두 포함, p.20). CMC·제조비용 제외(p.34). FE-A03 환자당 단가 1순위 후보"
F04-AS-1042,ASPE/ERG 2024 (Sertkaya & Berger),cost_per_patient,P3,all,전체,US,all,weighted_mean,53180,USD,2018,"Medidata 2004-2012 + IQVIA GrantPlan 2015-2019 + Cutting Edge 2013(140 trials), 연구 수 가중","ASPE/ERG 2024 'Drug Development' (Sertkaya & Berger, 2024-09-26) Table 2 (pp.10-11); Table 4 (p.17); Table 6 (p.20)",2004-2019(혼합),2,direct,primary_confirmed,2032-12,"총 시험비용÷등록환자 수(study+patient+site 비용 모두 포함, p.20). CMC·제조비용 제외(p.34). FE-A03 환자당 단가 1순위 후보"
F04-AS-2001,ASPE/ERG 2024 (Sertkaya & Berger),patients_per_trial,P1,anti-infective,감염,US,all,weighted_mean,69,patients,NA,"Medidata 2004-2012 + clinicaltrials.gov 2014-2020(9,004 studies) + FDA DASH 2007-2017, 연구 수 가중","ASPE/ERG 2024 'Drug Development' (Sertkaya & Berger, 2024-09-26) Table 2 (pp.10-11); Table 4 (p.17); Table 6 (p.20)",2004-2020(혼합),2,direct,primary_confirmed,2032-12,시험 1건당 등록환자 수. 사이트 수는 원문에 없음(미확인)
F04-AS-2002,ASPE/ERG 2024 (Sertkaya & Berger),patients_per_trial,P2,anti-infective,감염,US,all,weighted_mean,243,patients,NA,"Medidata 2004-2012 + clinicaltrials.gov 2014-2020(9,004 studies) + FDA DASH 2007-2017, 연구 수 가중","ASPE/ERG 2024 'Drug Development' (Sertkaya & Berger, 2024-09-26) Table 2 (pp.10-11); Table 4 (p.17); Table 6 (p.20)",2004-2020(혼합),2,direct,primary_confirmed,2032-12,시험 1건당 등록환자 수. 사이트 수는 원문에 없음(미확인)
F04-AS-2003,ASPE/ERG 2024 (Sertkaya & Berger),patients_per_trial,P3,anti-infective,감염,US,all,weighted_mean,575,patients,NA,"Medidata 2004-2012 + clinicaltrials.gov 2014-2020(9,004 studies) + FDA DASH 2007-2017, 연구 수 가중","ASPE/ERG 2024 'Drug Development' (Sertkaya & Berger, 2024-09-26) Table 2 (pp.10-11); Table 4 (p.17); Table 6 (p.20)",2004-2020(혼합),2,direct,primary_confirmed,2032-12,시험 1건당 등록환자 수. 사이트 수는 원문에 없음(미확인)
F04-AS-2004,ASPE/ERG 2024 (Sertkaya & Berger),patients_per_trial,P1,cardiovascular,심혈관,US,all,weighted_mean,42,patients,NA,"Medidata 2004-2012 + clinicaltrials.gov 2014-2020(9,004 studies) + FDA DASH 2007-2017, 연구 수 가중","ASPE/ERG 2024 'Drug Development' (Sertkaya & Berger, 2024-09-26) Table 2 (pp.10-11); Table 4 (p.17); Table 6 (p.20)",2004-2020(혼합),2,direct,primary_confirmed,2032-12,시험 1건당 등록환자 수. 사이트 수는 원문에 없음(미확인)
F04-AS-2005,ASPE/ERG 2024 (Sertkaya & Berger),patients_per_trial,P2,cardiovascular,심혈관,US,all,weighted_mean,189,patients,NA,"Medidata 2004-2012 + clinicaltrials.gov 2014-2020(9,004 studies) + FDA DASH 2007-2017, 연구 수 가중","ASPE/ERG 2024 'Drug Development' (Sertkaya & Berger, 2024-09-26) Table 2 (pp.10-11); Table 4 (p.17); Table 6 (p.20)",2004-2020(혼합),2,direct,primary_confirmed,2032-12,시험 1건당 등록환자 수. 사이트 수는 원문에 없음(미확인)
F04-AS-2006,ASPE/ERG 2024 (Sertkaya & Berger),patients_per_trial,P3,cardiovascular,심혈관,US,all,weighted_mean,1151,patients,NA,"Medidata 2004-2012 + clinicaltrials.gov 2014-2020(9,004 studies) + FDA DASH 2007-2017, 연구 수 가중","ASPE/ERG 2024 'Drug Development' (Sertkaya & Berger, 2024-09-26) Table 2 (pp.10-11); Table 4 (p.17); Table 6 (p.20)",2004-2020(혼합),2,direct,primary_confirmed,2032-12,시험 1건당 등록환자 수. 사이트 수는 원문에 없음(미확인)
F04-AS-2007,ASPE/ERG 2024 (Sertkaya & Berger),patients_per_trial,P1,central_nervous_system,중추신경(신경),US,all,weighted_mean,44,patients,NA,"Medidata 2004-2012 + clinicaltrials.gov 2014-2020(9,004 studies) + FDA DASH 2007-2017, 연구 수 가중","ASPE/ERG 2024 'Drug Development' (Sertkaya & Berger, 2024-09-26) Table 2 (pp.10-11); Table 4 (p.17); Table 6 (p.20)",2004-2020(혼합),2,direct,primary_confirmed,2032-12,시험 1건당 등록환자 수. 사이트 수는 원문에 없음(미확인)
F04-AS-2008,ASPE/ERG 2024 (Sertkaya & Berger),patients_per_trial,P2,central_nervous_system,중추신경(신경),US,all,weighted_mean,243,patients,NA,"Medidata 2004-2012 + clinicaltrials.gov 2014-2020(9,004 studies) + FDA DASH 2007-2017, 연구 수 가중","ASPE/ERG 2024 'Drug Development' (Sertkaya & Berger, 2024-09-26) Table 2 (pp.10-11); Table 4 (p.17); Table 6 (p.20)",2004-2020(혼합),2,direct,primary_confirmed,2032-12,시험 1건당 등록환자 수. 사이트 수는 원문에 없음(미확인)
F04-AS-2009,ASPE/ERG 2024 (Sertkaya & Berger),patients_per_trial,P3,central_nervous_system,중추신경(신경),US,all,weighted_mean,529,patients,NA,"Medidata 2004-2012 + clinicaltrials.gov 2014-2020(9,004 studies) + FDA DASH 2007-2017, 연구 수 가중","ASPE/ERG 2024 'Drug Development' (Sertkaya & Berger, 2024-09-26) Table 2 (pp.10-11); Table 4 (p.17); Table 6 (p.20)",2004-2020(혼합),2,direct,primary_confirmed,2032-12,시험 1건당 등록환자 수. 사이트 수는 원문에 없음(미확인)
F04-AS-2010,ASPE/ERG 2024 (Sertkaya & Berger),patients_per_trial,P1,dermatology,기타,US,all,weighted_mean,106,patients,NA,"Medidata 2004-2012 + clinicaltrials.gov 2014-2020(9,004 studies) + FDA DASH 2007-2017, 연구 수 가중","ASPE/ERG 2024 'Drug Development' (Sertkaya & Berger, 2024-09-26) Table 2 (pp.10-11); Table 4 (p.17); Table 6 (p.20)",2004-2020(혼합),2,direct,primary_confirmed,2032-12,시험 1건당 등록환자 수. 사이트 수는 원문에 없음(미확인)
F04-AS-2011,ASPE/ERG 2024 (Sertkaya & Berger),patients_per_trial,P2,dermatology,기타,US,all,weighted_mean,133,patients,NA,"Medidata 2004-2012 + clinicaltrials.gov 2014-2020(9,004 studies) + FDA DASH 2007-2017, 연구 수 가중","ASPE/ERG 2024 'Drug Development' (Sertkaya & Berger, 2024-09-26) Table 2 (pp.10-11); Table 4 (p.17); Table 6 (p.20)",2004-2020(혼합),2,direct,primary_confirmed,2032-12,시험 1건당 등록환자 수. 사이트 수는 원문에 없음(미확인)
F04-AS-2012,ASPE/ERG 2024 (Sertkaya & Berger),patients_per_trial,P3,dermatology,기타,US,all,weighted_mean,568,patients,NA,"Medidata 2004-2012 + clinicaltrials.gov 2014-2020(9,004 studies) + FDA DASH 2007-2017, 연구 수 가중","ASPE/ERG 2024 'Drug Development' (Sertkaya & Berger, 2024-09-26) Table 2 (pp.10-11); Table 4 (p.17); Table 6 (p.20)",2004-2020(혼합),2,direct,primary_confirmed,2032-12,시험 1건당 등록환자 수. 사이트 수는 원문에 없음(미확인)
F04-AS-2013,ASPE/ERG 2024 (Sertkaya & Berger),patients_per_trial,P1,endocrine,대사·내분비,US,all,weighted_mean,38,patients,NA,"Medidata 2004-2012 + clinicaltrials.gov 2014-2020(9,004 studies) + FDA DASH 2007-2017, 연구 수 가중","ASPE/ERG 2024 'Drug Development' (Sertkaya & Berger, 2024-09-26) Table 2 (pp.10-11); Table 4 (p.17); Table 6 (p.20)",2004-2020(혼합),2,direct,primary_confirmed,2032-12,시험 1건당 등록환자 수. 사이트 수는 원문에 없음(미확인)
F04-AS-2014,ASPE/ERG 2024 (Sertkaya & Berger),patients_per_trial,P2,endocrine,대사·내분비,US,all,weighted_mean,225,patients,NA,"Medidata 2004-2012 + clinicaltrials.gov 2014-2020(9,004 studies) + FDA DASH 2007-2017, 연구 수 가중","ASPE/ERG 2024 'Drug Development' (Sertkaya & Berger, 2024-09-26) Table 2 (pp.10-11); Table 4 (p.17); Table 6 (p.20)",2004-2020(혼합),2,direct,primary_confirmed,2032-12,시험 1건당 등록환자 수. 사이트 수는 원문에 없음(미확인)
F04-AS-2015,ASPE/ERG 2024 (Sertkaya & Berger),patients_per_trial,P3,endocrine,대사·내분비,US,all,weighted_mean,414,patients,NA,"Medidata 2004-2012 + clinicaltrials.gov 2014-2020(9,004 studies) + FDA DASH 2007-2017, 연구 수 가중","ASPE/ERG 2024 'Drug Development' (Sertkaya & Berger, 2024-09-26) Table 2 (pp.10-11); Table 4 (p.17); Table 6 (p.20)",2004-2020(혼합),2,direct,primary_confirmed,2032-12,시험 1건당 등록환자 수. 사이트 수는 원문에 없음(미확인)
F04-AS-2016,ASPE/ERG 2024 (Sertkaya & Berger),patients_per_trial,P1,gastrointestinal,기타,US,all,weighted_mean,38,patients,NA,"Medidata 2004-2012 + clinicaltrials.gov 2014-2020(9,004 studies) + FDA DASH 2007-2017, 연구 수 가중","ASPE/ERG 2024 'Drug Development' (Sertkaya & Berger, 2024-09-26) Table 2 (pp.10-11); Table 4 (p.17); Table 6 (p.20)",2004-2020(혼합),2,direct,primary_confirmed,2032-12,시험 1건당 등록환자 수. 사이트 수는 원문에 없음(미확인)
F04-AS-2017,ASPE/ERG 2024 (Sertkaya & Berger),patients_per_trial,P2,gastrointestinal,기타,US,all,weighted_mean,292,patients,NA,"Medidata 2004-2012 + clinicaltrials.gov 2014-2020(9,004 studies) + FDA DASH 2007-2017, 연구 수 가중","ASPE/ERG 2024 'Drug Development' (Sertkaya & Berger, 2024-09-26) Table 2 (pp.10-11); Table 4 (p.17); Table 6 (p.20)",2004-2020(혼합),2,direct,primary_confirmed,2032-12,시험 1건당 등록환자 수. 사이트 수는 원문에 없음(미확인)
F04-AS-2018,ASPE/ERG 2024 (Sertkaya & Berger),patients_per_trial,P3,gastrointestinal,기타,US,all,weighted_mean,496,patients,NA,"Medidata 2004-2012 + clinicaltrials.gov 2014-2020(9,004 studies) + FDA DASH 2007-2017, 연구 수 가중","ASPE/ERG 2024 'Drug Development' (Sertkaya & Berger, 2024-09-26) Table 2 (pp.10-11); Table 4 (p.17); Table 6 (p.20)",2004-2020(혼합),2,direct,primary_confirmed,2032-12,시험 1건당 등록환자 수. 사이트 수는 원문에 없음(미확인)
F04-AS-2019,ASPE/ERG 2024 (Sertkaya & Berger),patients_per_trial,P1,genitourinary,기타,US,all,weighted_mean,50,patients,NA,"Medidata 2004-2012 + clinicaltrials.gov 2014-2020(9,004 studies) + FDA DASH 2007-2017, 연구 수 가중","ASPE/ERG 2024 'Drug Development' (Sertkaya & Berger, 2024-09-26) Table 2 (pp.10-11); Table 4 (p.17); Table 6 (p.20)",2004-2020(혼합),2,direct,primary_confirmed,2032-12,시험 1건당 등록환자 수. 사이트 수는 원문에 없음(미확인)
F04-AS-2020,ASPE/ERG 2024 (Sertkaya & Berger),patients_per_trial,P2,genitourinary,기타,US,all,weighted_mean,323,patients,NA,"Medidata 2004-2012 + clinicaltrials.gov 2014-2020(9,004 studies) + FDA DASH 2007-2017, 연구 수 가중","ASPE/ERG 2024 'Drug Development' (Sertkaya & Berger, 2024-09-26) Table 2 (pp.10-11); Table 4 (p.17); Table 6 (p.20)",2004-2020(혼합),2,direct,primary_confirmed,2032-12,시험 1건당 등록환자 수. 사이트 수는 원문에 없음(미확인)
F04-AS-2021,ASPE/ERG 2024 (Sertkaya & Berger),patients_per_trial,P3,genitourinary,기타,US,all,weighted_mean,546,patients,NA,"Medidata 2004-2012 + clinicaltrials.gov 2014-2020(9,004 studies) + FDA DASH 2007-2017, 연구 수 가중","ASPE/ERG 2024 'Drug Development' (Sertkaya & Berger, 2024-09-26) Table 2 (pp.10-11); Table 4 (p.17); Table 6 (p.20)",2004-2020(혼합),2,direct,primary_confirmed,2032-12,시험 1건당 등록환자 수. 사이트 수는 원문에 없음(미확인)
F04-AS-2022,ASPE/ERG 2024 (Sertkaya & Berger),patients_per_trial,P1,hematology,기타,US,all,weighted_mean,31,patients,NA,"Medidata 2004-2012 + clinicaltrials.gov 2014-2020(9,004 studies) + FDA DASH 2007-2017, 연구 수 가중","ASPE/ERG 2024 'Drug Development' (Sertkaya & Berger, 2024-09-26) Table 2 (pp.10-11); Table 4 (p.17); Table 6 (p.20)",2004-2020(혼합),2,direct,primary_confirmed,2032-12,시험 1건당 등록환자 수. 사이트 수는 원문에 없음(미확인)
F04-AS-2023,ASPE/ERG 2024 (Sertkaya & Berger),patients_per_trial,P2,hematology,기타,US,all,weighted_mean,134,patients,NA,"Medidata 2004-2012 + clinicaltrials.gov 2014-2020(9,004 studies) + FDA DASH 2007-2017, 연구 수 가중","ASPE/ERG 2024 'Drug Development' (Sertkaya & Berger, 2024-09-26) Table 2 (pp.10-11); Table 4 (p.17); Table 6 (p.20)",2004-2020(혼합),2,direct,primary_confirmed,2032-12,시험 1건당 등록환자 수. 사이트 수는 원문에 없음(미확인)
F04-AS-2024,ASPE/ERG 2024 (Sertkaya & Berger),patients_per_trial,P3,hematology,기타,US,all,weighted_mean,233,patients,NA,"Medidata 2004-2012 + clinicaltrials.gov 2014-2020(9,004 studies) + FDA DASH 2007-2017, 연구 수 가중","ASPE/ERG 2024 'Drug Development' (Sertkaya & Berger, 2024-09-26) Table 2 (pp.10-11); Table 4 (p.17); Table 6 (p.20)",2004-2020(혼합),2,direct,primary_confirmed,2032-12,시험 1건당 등록환자 수. 사이트 수는 원문에 없음(미확인)
F04-AS-2025,ASPE/ERG 2024 (Sertkaya & Berger),patients_per_trial,P1,oncology,항암,US,all,weighted_mean,58,patients,NA,"Medidata 2004-2012 + clinicaltrials.gov 2014-2020(9,004 studies) + FDA DASH 2007-2017, 연구 수 가중","ASPE/ERG 2024 'Drug Development' (Sertkaya & Berger, 2024-09-26) Table 2 (pp.10-11); Table 4 (p.17); Table 6 (p.20)",2004-2020(혼합),2,direct,primary_confirmed,2032-12,시험 1건당 등록환자 수. 사이트 수는 원문에 없음(미확인)
F04-AS-2026,ASPE/ERG 2024 (Sertkaya & Berger),patients_per_trial,P2,oncology,항암,US,all,weighted_mean,137,patients,NA,"Medidata 2004-2012 + clinicaltrials.gov 2014-2020(9,004 studies) + FDA DASH 2007-2017, 연구 수 가중","ASPE/ERG 2024 'Drug Development' (Sertkaya & Berger, 2024-09-26) Table 2 (pp.10-11); Table 4 (p.17); Table 6 (p.20)",2004-2020(혼합),2,direct,primary_confirmed,2032-12,시험 1건당 등록환자 수. 사이트 수는 원문에 없음(미확인)
F04-AS-2027,ASPE/ERG 2024 (Sertkaya & Berger),patients_per_trial,P3,oncology,항암,US,all,weighted_mean,293,patients,NA,"Medidata 2004-2012 + clinicaltrials.gov 2014-2020(9,004 studies) + FDA DASH 2007-2017, 연구 수 가중","ASPE/ERG 2024 'Drug Development' (Sertkaya & Berger, 2024-09-26) Table 2 (pp.10-11); Table 4 (p.17); Table 6 (p.20)",2004-2020(혼합),2,direct,primary_confirmed,2032-12,시험 1건당 등록환자 수. 사이트 수는 원문에 없음(미확인)
F04-AS-2028,ASPE/ERG 2024 (Sertkaya & Berger),patients_per_trial,P1,respiratory,기타,US,all,weighted_mean,49,patients,NA,"Medidata 2004-2012 + clinicaltrials.gov 2014-2020(9,004 studies) + FDA DASH 2007-2017, 연구 수 가중","ASPE/ERG 2024 'Drug Development' (Sertkaya & Berger, 2024-09-26) Table 2 (pp.10-11); Table 4 (p.17); Table 6 (p.20)",2004-2020(혼합),2,direct,primary_confirmed,2032-12,시험 1건당 등록환자 수. 사이트 수는 원문에 없음(미확인)
F04-AS-2029,ASPE/ERG 2024 (Sertkaya & Berger),patients_per_trial,P2,respiratory,기타,US,all,weighted_mean,203,patients,NA,"Medidata 2004-2012 + clinicaltrials.gov 2014-2020(9,004 studies) + FDA DASH 2007-2017, 연구 수 가중","ASPE/ERG 2024 'Drug Development' (Sertkaya & Berger, 2024-09-26) Table 2 (pp.10-11); Table 4 (p.17); Table 6 (p.20)",2004-2020(혼합),2,direct,primary_confirmed,2032-12,시험 1건당 등록환자 수. 사이트 수는 원문에 없음(미확인)
F04-AS-2030,ASPE/ERG 2024 (Sertkaya & Berger),patients_per_trial,P3,respiratory,기타,US,all,weighted_mean,516,patients,NA,"Medidata 2004-2012 + clinicaltrials.gov 2014-2020(9,004 studies) + FDA DASH 2007-2017, 연구 수 가중","ASPE/ERG 2024 'Drug Development' (Sertkaya & Berger, 2024-09-26) Table 2 (pp.10-11); Table 4 (p.17); Table 6 (p.20)",2004-2020(혼합),2,direct,primary_confirmed,2032-12,시험 1건당 등록환자 수. 사이트 수는 원문에 없음(미확인)
F04-AS-2031,ASPE/ERG 2024 (Sertkaya & Berger),patients_per_trial,P1,ophthalmology,기타,US,all,weighted_mean,121,patients,NA,"Medidata 2004-2012 + clinicaltrials.gov 2014-2020(9,004 studies) + FDA DASH 2007-2017, 연구 수 가중","ASPE/ERG 2024 'Drug Development' (Sertkaya & Berger, 2024-09-26) Table 2 (pp.10-11); Table 4 (p.17); Table 6 (p.20)",2004-2020(혼합),2,direct,primary_confirmed,2032-12,시험 1건당 등록환자 수. 사이트 수는 원문에 없음(미확인)
F04-AS-2032,ASPE/ERG 2024 (Sertkaya & Berger),patients_per_trial,P2,ophthalmology,기타,US,all,weighted_mean,299,patients,NA,"Medidata 2004-2012 + clinicaltrials.gov 2014-2020(9,004 studies) + FDA DASH 2007-2017, 연구 수 가중","ASPE/ERG 2024 'Drug Development' (Sertkaya & Berger, 2024-09-26) Table 2 (pp.10-11); Table 4 (p.17); Table 6 (p.20)",2004-2020(혼합),2,direct,primary_confirmed,2032-12,시험 1건당 등록환자 수. 사이트 수는 원문에 없음(미확인)
F04-AS-2033,ASPE/ERG 2024 (Sertkaya & Berger),patients_per_trial,P3,ophthalmology,기타,US,all,weighted_mean,876,patients,NA,"Medidata 2004-2012 + clinicaltrials.gov 2014-2020(9,004 studies) + FDA DASH 2007-2017, 연구 수 가중","ASPE/ERG 2024 'Drug Development' (Sertkaya & Berger, 2024-09-26) Table 2 (pp.10-11); Table 4 (p.17); Table 6 (p.20)",2004-2020(혼합),2,direct,primary_confirmed,2032-12,시험 1건당 등록환자 수. 사이트 수는 원문에 없음(미확인)
F04-AS-2034,ASPE/ERG 2024 (Sertkaya & Berger),patients_per_trial,P1,pain_anesthesia,기타,US,all,weighted_mean,36,patients,NA,"Medidata 2004-2012 + clinicaltrials.gov 2014-2020(9,004 studies) + FDA DASH 2007-2017, 연구 수 가중","ASPE/ERG 2024 'Drug Development' (Sertkaya & Berger, 2024-09-26) Table 2 (pp.10-11); Table 4 (p.17); Table 6 (p.20)",2004-2020(혼합),2,direct,primary_confirmed,2032-12,시험 1건당 등록환자 수. 사이트 수는 원문에 없음(미확인)
F04-AS-2035,ASPE/ERG 2024 (Sertkaya & Berger),patients_per_trial,P2,pain_anesthesia,기타,US,all,weighted_mean,270,patients,NA,"Medidata 2004-2012 + clinicaltrials.gov 2014-2020(9,004 studies) + FDA DASH 2007-2017, 연구 수 가중","ASPE/ERG 2024 'Drug Development' (Sertkaya & Berger, 2024-09-26) Table 2 (pp.10-11); Table 4 (p.17); Table 6 (p.20)",2004-2020(혼합),2,direct,primary_confirmed,2032-12,시험 1건당 등록환자 수. 사이트 수는 원문에 없음(미확인)
F04-AS-2036,ASPE/ERG 2024 (Sertkaya & Berger),patients_per_trial,P3,pain_anesthesia,기타,US,all,weighted_mean,1209,patients,NA,"Medidata 2004-2012 + clinicaltrials.gov 2014-2020(9,004 studies) + FDA DASH 2007-2017, 연구 수 가중","ASPE/ERG 2024 'Drug Development' (Sertkaya & Berger, 2024-09-26) Table 2 (pp.10-11); Table 4 (p.17); Table 6 (p.20)",2004-2020(혼합),2,direct,primary_confirmed,2032-12,시험 1건당 등록환자 수. 사이트 수는 원문에 없음(미확인)
F04-AS-2037,ASPE/ERG 2024 (Sertkaya & Berger),patients_per_trial,P1,immunomodulation,기타,US,all,weighted_mean,55,patients,NA,"Medidata 2004-2012 + clinicaltrials.gov 2014-2020(9,004 studies) + FDA DASH 2007-2017, 연구 수 가중","ASPE/ERG 2024 'Drug Development' (Sertkaya & Berger, 2024-09-26) Table 2 (pp.10-11); Table 4 (p.17); Table 6 (p.20)",2004-2020(혼합),2,direct,primary_confirmed,2032-12,시험 1건당 등록환자 수. 사이트 수는 원문에 없음(미확인)
F04-AS-2038,ASPE/ERG 2024 (Sertkaya & Berger),patients_per_trial,P2,immunomodulation,기타,US,all,weighted_mean,323,patients,NA,"Medidata 2004-2012 + clinicaltrials.gov 2014-2020(9,004 studies) + FDA DASH 2007-2017, 연구 수 가중","ASPE/ERG 2024 'Drug Development' (Sertkaya & Berger, 2024-09-26) Table 2 (pp.10-11); Table 4 (p.17); Table 6 (p.20)",2004-2020(혼합),2,direct,primary_confirmed,2032-12,시험 1건당 등록환자 수. 사이트 수는 원문에 없음(미확인)
F04-AS-2039,ASPE/ERG 2024 (Sertkaya & Berger),patients_per_trial,P3,immunomodulation,기타,US,all,weighted_mean,309,patients,NA,"Medidata 2004-2012 + clinicaltrials.gov 2014-2020(9,004 studies) + FDA DASH 2007-2017, 연구 수 가중","ASPE/ERG 2024 'Drug Development' (Sertkaya & Berger, 2024-09-26) Table 2 (pp.10-11); Table 4 (p.17); Table 6 (p.20)",2004-2020(혼합),2,direct,primary_confirmed,2032-12,시험 1건당 등록환자 수. 사이트 수는 원문에 없음(미확인)
F04-AS-2040,ASPE/ERG 2024 (Sertkaya & Berger),patients_per_trial,P1,all,전체,US,all,weighted_mean,51,patients,NA,"Medidata 2004-2012 + clinicaltrials.gov 2014-2020(9,004 studies) + FDA DASH 2007-2017, 연구 수 가중","ASPE/ERG 2024 'Drug Development' (Sertkaya & Berger, 2024-09-26) Table 2 (pp.10-11); Table 4 (p.17); Table 6 (p.20)",2004-2020(혼합),2,direct,primary_confirmed,2032-12,시험 1건당 등록환자 수. 사이트 수는 원문에 없음(미확인)
F04-AS-2041,ASPE/ERG 2024 (Sertkaya & Berger),patients_per_trial,P2,all,전체,US,all,weighted_mean,235,patients,NA,"Medidata 2004-2012 + clinicaltrials.gov 2014-2020(9,004 studies) + FDA DASH 2007-2017, 연구 수 가중","ASPE/ERG 2024 'Drug Development' (Sertkaya & Berger, 2024-09-26) Table 2 (pp.10-11); Table 4 (p.17); Table 6 (p.20)",2004-2020(혼합),2,direct,primary_confirmed,2032-12,시험 1건당 등록환자 수. 사이트 수는 원문에 없음(미확인)
F04-AS-2042,ASPE/ERG 2024 (Sertkaya & Berger),patients_per_trial,P3,all,전체,US,all,weighted_mean,630,patients,NA,"Medidata 2004-2012 + clinicaltrials.gov 2014-2020(9,004 studies) + FDA DASH 2007-2017, 연구 수 가중","ASPE/ERG 2024 'Drug Development' (Sertkaya & Berger, 2024-09-26) Table 2 (pp.10-11); Table 4 (p.17); Table 6 (p.20)",2004-2020(혼합),2,direct,primary_confirmed,2032-12,시험 1건당 등록환자 수. 사이트 수는 원문에 없음(미확인)
F04-AS-3001,ASPE/ERG 2024 (Sertkaya & Berger),phase_duration,P1,all,전체,US,all,mean,27.8,months,NA,,ASPE/ERG 2024 Table 2 (pp.10-11); 5.1 (p.13),1989-2017(문헌 혼합),2,direct,primary_confirmed,2032-12,TA별 값은 Table 3(pp.14-15) 참조. FE-A05 기간 파라미터 후보
F04-AS-3011,ASPE/ERG 2024 (Sertkaya & Berger),trials_per_application,P1,all,전체,US,per NDA/BLA,mean,1.71,trials,NA,FDA CDER custom pull 2019-07,ASPE/ERG 2024 5.4 (p.19); Table 5,~2019,2,direct,primary_confirmed,2032-12,NDA/BLA 1건당 평균 시험 수
F04-AS-3021,ASPE/ERG 2024 (Sertkaya & Berger),phase_cost_out_of_pocket,P1,all,전체,US,per drug (all trials in phase),mean,7.1,USD_million,2018,,ASPE/ERG 2024 Table 11 (pp.32-33),2004-2019(혼합),2,limited,primary_confirmed,2032-12,"환자당 비용×환자 수×시험 수 = 단계별 out-of-pocket(약물 1개 기준, 실패·자본비용 제외). 시험 1건 비용 아님"
F04-AS-3002,ASPE/ERG 2024 (Sertkaya & Berger),phase_duration,P2,all,전체,US,all,mean,34.0,months,NA,,ASPE/ERG 2024 Table 2 (pp.10-11); 5.1 (p.13),1989-2017(문헌 혼합),2,direct,primary_confirmed,2032-12,TA별 값은 Table 3(pp.14-15) 참조. FE-A05 기간 파라미터 후보
F04-AS-3012,ASPE/ERG 2024 (Sertkaya & Berger),trials_per_application,P2,all,전체,US,per NDA/BLA,mean,1.52,trials,NA,FDA CDER custom pull 2019-07,ASPE/ERG 2024 5.4 (p.19); Table 5,~2019,2,direct,primary_confirmed,2032-12,NDA/BLA 1건당 평균 시험 수
F04-AS-3022,ASPE/ERG 2024 (Sertkaya & Berger),phase_cost_out_of_pocket,P2,all,전체,US,per drug (all trials in phase),mean,21.0,USD_million,2018,,ASPE/ERG 2024 Table 11 (pp.32-33),2004-2019(혼합),2,limited,primary_confirmed,2032-12,"환자당 비용×환자 수×시험 수 = 단계별 out-of-pocket(약물 1개 기준, 실패·자본비용 제외). 시험 1건 비용 아님"
F04-AS-3003,ASPE/ERG 2024 (Sertkaya & Berger),phase_duration,P3,all,전체,US,all,mean,38.0,months,NA,,ASPE/ERG 2024 Table 2 (pp.10-11); 5.1 (p.13),1989-2017(문헌 혼합),2,direct,primary_confirmed,2032-12,TA별 값은 Table 3(pp.14-15) 참조. FE-A05 기간 파라미터 후보
F04-AS-3013,ASPE/ERG 2024 (Sertkaya & Berger),trials_per_application,P3,all,전체,US,per NDA/BLA,mean,2.66,trials,NA,FDA CDER custom pull 2019-07,ASPE/ERG 2024 5.4 (p.19); Table 5,~2019,2,direct,primary_confirmed,2032-12,NDA/BLA 1건당 평균 시험 수
F04-AS-3023,ASPE/ERG 2024 (Sertkaya & Berger),phase_cost_out_of_pocket,P3,all,전체,US,per drug (all trials in phase),mean,89.3,USD_million,2018,,ASPE/ERG 2024 Table 11 (pp.32-33),2004-2019(혼합),2,limited,primary_confirmed,2032-12,"환자당 비용×환자 수×시험 수 = 단계별 out-of-pocket(약물 1개 기준, 실패·자본비용 제외). 시험 1건 비용 아님"
F04-AS-3031,ASPE/ERG 2024 (Sertkaya & Berger),fda_application_fee,NDA/BLA,all,전체,US,application requiring clinical data FY2019,fixed,2.6,USD_million,2018,,ASPE/ERG 2024 5.8 (p.28),FY2019,2,direct,primary_confirmed,2027-12,Federal Register 2018 인용. 최신 PDUFA 수수료는 별도 확인
F04-MO-0014,Moore 2018,trial_cost,P3(pivotal),central_nervous_system_disorders,중추신경(신경),US/global,all,mean,25.7,USD_million,2017,21 trials / 8 agents,Table 2,FDA 승인 2015-2016,2,direct,primary_confirmed,2031-12,치료영역별 값은 평균만 제공(중앙값 없음). 신경·정신 통합 항목
F04-MO-0015,Moore 2018,trial_cost,P3(pivotal),dermatology,기타,US/global,all,mean,24.5,USD_million,2017,9 / 4,Table 2,FDA 승인 2015-2016,2,direct,primary_confirmed,2031-12,치료영역별 값은 평균만 제공(중앙값 없음).
F04-MO-0016,Moore 2018,trial_cost,P3(pivotal),digestive_system,기타,US/global,all,mean,29.4,USD_million,2017,7 / 4,Table 2,FDA 승인 2015-2016,2,direct,primary_confirmed,2031-12,치료영역별 값은 평균만 제공(중앙값 없음).
F04-MO-0017,Moore 2018,trial_cost,P3(pivotal),endocrine_or_metabolic,대사·내분비,US/global,all,mean,20.8,USD_million,2017,39 / 9,Table 2,FDA 승인 2015-2016,2,direct,primary_confirmed,2031-12,치료영역별 값은 평균만 제공(중앙값 없음).
F04-MO-0018,Moore 2018,trial_cost,P3(pivotal),infectious_diseases,감염,US/global,all,mean,22.1,USD_million,2017,19 / 6,Table 2,FDA 승인 2015-2016,2,direct,primary_confirmed,2031-12,치료영역별 값은 평균만 제공(중앙값 없음).
F04-MO-0019,Moore 2018,trial_cost,P3(pivotal),oncology,항암,US/global,all,mean,45.4,USD_million,2017,24 / 18,Table 2,FDA 승인 2015-2016,2,direct,primary_confirmed,2031-12,치료영역별 값은 평균만 제공(중앙값 없음). 95% CI 31.5~59.3
F04-MO-0020,Moore 2018,trial_cost,P3(pivotal),other,기타,US/global,all,mean,8.8,USD_million,2017,7 / 3,Table 2,FDA 승인 2015-2016,2,direct,primary_confirmed,2031-12,치료영역별 값은 평균만 제공(중앙값 없음).
F04-MO-0021,Moore 2018,trial_cost,P3(pivotal),respiratory,기타,US/global,all,mean,20.8,USD_million,2017,7 / 2,Table 2,FDA 승인 2015-2016,2,direct,primary_confirmed,2031-12,치료영역별 값은 평균만 제공(중앙값 없음).
F04-MO-0022,Moore 2018,trial_cost,P3(pivotal),all,전체,US/global,endpoint=clinical_scale,mean,20.5,USD_million,2017,38 trials,Table 2; Results,FDA 승인 2015-2016,2,direct,primary_confirmed,2031-12,95% CI 14.7~26.3
F04-MO-0023,Moore 2018,trial_cost,P3(pivotal),all,전체,US/global,enrollment 101-250,mean,16.2,USD_million,2017,32 trials,Table 2; Results,FDA 승인 2015-2016,2,direct,primary_confirmed,2031-12,95% CI 12.2~20.3
F04-MO-0024,Moore 2018,trial_cost,P3(pivotal),all,전체,US/global,enrollment 251-500,mean,18.6,USD_million,2017,33 trials,Table 2; Results,FDA 승인 2015-2016,2,direct,primary_confirmed,2031-12,95% CI 14.1~23.2
F04-MO-0025,Moore 2018,trial_cost,P3(pivotal),all,전체,US/global,enrollment 501-1000,mean,33.6,USD_million,2017,44 trials,Table 2; Results,FDA 승인 2015-2016,2,direct,primary_confirmed,2031-12,95% CI 23.6~43.6
F04-MO-0026,Moore 2018,trial_cost,P3(pivotal),all,전체,US/global,comparator=placebo_or_active(controlled),mean,35.1,USD_million,2017,112 trials,Table 2; Results,FDA 승인 2015-2016,2,direct,primary_confirmed,2031-12,95% CI 25.4~44.8
F04-MO-0027,Moore 2018,patients_per_trial,P3(pivotal),all,전체,US/global,all,median,488,patients,NA,138 trials,Results: Patient Enrollment,FDA 승인 2015-2016,2,direct,primary_confirmed,2031-12,"IQR 230~740. 희귀질환 3개 약물은 15명 미만, 21건은 1,000명 초과"
F04-MO-0028,Moore 2018,trial_cost,P3(pivotal),orphan(rare metabolic),기타,US/global,comparator=none; enrollment=4; orphan,min,2.1,USD_million,2017,1 trial (uridine triacetate),Results: Overall Cost Estimates,FDA 승인 2015-2016,2,limited,primary_confirmed,2031-12,"최소값. 95% CI 1.8~2.5. 희귀 3개 약물(asfotase alfa, eteplirsen, uridine triacetate) 무대조군 시험은 각 $5M 미만"
F04-MO-0029,Moore 2018,trial_cost,P3(pivotal),cardiovascular,심혈관,US/global,noninferiority; endpoint=clinical_outcome,max,346.8,USD_million,2017,1 trial (sacubitril-valsartan),Results; Discussion,FDA 승인 2015-2016,2,limited,primary_confirmed,2031-12,최대값. 95% CI 252.0~441.5. edoxaban VTE 비열등성 174.3M도 언급
F04-MA-0004,Martin 2017,cost_driver_significance,P1-P3,all,전체,global(7 top-20 pharma),molecule_size(large vs small),p_value,0.29237,p,2015,726 trials,Supplementary Box S1 표(=본문 Table 1),2010-2015,2,limited,primary_confirmed,2030-12,"분자 크기는 시험 비용에 통계적으로 유의하지 않음(p=0.29). F04-MOD-0001 계수 설정 시 참고. 유의 요인: sites, subjects, visits, duration, emerging market, regions, countries(모두 p<0.0001)"
F04-MA-0005,Martin 2017,cost_driver_significance,P1-P3,all,전체,global(7 top-20 pharma),rare_disease,p_value,0.16636,p,2015,726 trials,Supplementary Box S1 표(=본문 Table 1),2010-2015,2,limited,primary_confirmed,2030-12,희귀질환 여부는 시험 비용에 유의하지 않음(p=0.17). F04-RARE-0001 참고
F04-TU-0001,Tufts CSDD 2012,site_enrollment_distribution,P2-P3,all,전체,global,sites_failing_to_enroll_any_patient,share,11,%,NA,"15,965 sites / 153 trials",Getz CTTI 발표 2015-01 슬라이드 'Investigative Site Enrollment Achievement'(Source: Tufts CSDD 2012),2008-2010,2,limited,primary_confirmed,2028-12,사이트 비용 낭비 계수 근거(11%는 환자 0명). 89% 시험이 최종 목표 달성(Tufts 보도자료 2013-01-15)
F04-TU-0002,Tufts CSDD 2012,site_enrollment_distribution,P2-P3,all,전체,global,sites_under_enrolling,share,37,%,NA,"15,965 sites / 153 trials",Getz CTTI 발표 2015-01 슬라이드 'Investigative Site Enrollment Achievement'(Source: Tufts CSDD 2012),2008-2010,2,limited,primary_confirmed,2028-12,사이트 비용 낭비 계수 근거(11%는 환자 0명). 89% 시험이 최종 목표 달성(Tufts 보도자료 2013-01-15)
F04-TU-0003,Tufts CSDD 2012,site_enrollment_distribution,P2-P3,all,전체,global,sites_meeting_target,share,39,%,NA,"15,965 sites / 153 trials",Getz CTTI 발표 2015-01 슬라이드 'Investigative Site Enrollment Achievement'(Source: Tufts CSDD 2012),2008-2010,2,limited,primary_confirmed,2028-12,사이트 비용 낭비 계수 근거(11%는 환자 0명). 89% 시험이 최종 목표 달성(Tufts 보도자료 2013-01-15)
F04-TU-0004,Tufts CSDD 2012,site_enrollment_distribution,P2-P3,all,전체,global,sites_exceeding_target,share,13,%,NA,"15,965 sites / 153 trials",Getz CTTI 발표 2015-01 슬라이드 'Investigative Site Enrollment Achievement'(Source: Tufts CSDD 2012),2008-2010,2,limited,primary_confirmed,2028-12,사이트 비용 낭비 계수 근거(11%는 환자 0명). 89% 시험이 최종 목표 달성(Tufts 보도자료 2013-01-15)
F04-HS-0001,Hsiue 2020 (via ASPE 2024 각주3),trial_cost,P3(pivotal),oncology,항암,US/global,all,median,31.7,USD_million,2018?,,ASPE/ERG 2024 p.2 각주3 (Hsiue et al. 2020 JAMA Intern Med 후속연구 인용),FDA 승인 2015-2017?,3,limited,secondary_summary,2031-12,IQR 17.0~60.4. 항암 pivotal 중앙값. Hsiue 원문·통화연도 확인 후 tier 2로
F04-DM-0001,DiMasi 2016 (via ASPE 2024),phase_cost_per_approved_drug,P1,all,전체,global(대형사),"per approved drug, all trials in phase",mean,25.3,USD_million,2013,,ASPE/ERG 2024 1장(p.1) 인용; 원문 DiMasi et al. 2016 J Health Econ 47:20-33,1995-2007 진입 약물,3,limited,secondary_summary,2030-12,"승인 약물 1개당 단계별 임상비용(다수 시험 합산, out-of-pocket). 시험 1건 비용 아님. 대형사 자발 제출 데이터 편향. 원문 확인 시 tier 2"
F04-DM-0002,DiMasi 2016 (via ASPE 2024),phase_cost_per_approved_drug,P2,all,전체,global(대형사),"per approved drug, all trials in phase",mean,58.6,USD_million,2013,,ASPE/ERG 2024 1장(p.1) 인용; 원문 DiMasi et al. 2016 J Health Econ 47:20-33,1995-2007 진입 약물,3,limited,secondary_summary,2030-12,"승인 약물 1개당 단계별 임상비용(다수 시험 합산, out-of-pocket). 시험 1건 비용 아님. 대형사 자발 제출 데이터 편향. 원문 확인 시 tier 2"
F04-DM-0003,DiMasi 2016 (via ASPE 2024),phase_cost_per_approved_drug,P3,all,전체,global(대형사),"per approved drug, all trials in phase",mean,255.4,USD_million,2013,,ASPE/ERG 2024 1장(p.1) 인용; 원문 DiMasi et al. 2016 J Health Econ 47:20-33,1995-2007 진입 약물,3,limited,secondary_summary,2030-12,"승인 약물 1개당 단계별 임상비용(다수 시험 합산, out-of-pocket). 시험 1건 비용 아님. 대형사 자발 제출 데이터 편향. 원문 확인 시 tier 2"
F04-LK-0001,Leerink Partners 2024 (via MM+M),cogs_per_dose,commercial,CAR-T(autologous),항암,US,modality=cell_therapy,range,120000-300000,USD,2024,,MM+M 2024-03-25 기사(Leerink 투자노트 인용),2023-2024,3,limited,secondary_summary,2027-12,"자가 CAR-T 판매원가/도즈 현재 범위, 수년 내 $100k 미만 전망. Breyanzi 2023 추정 $200k~360k → 2030 약 $80k. FE-B01-CGT 참고. 2차 요약"
