rule_id,condition,display_rule,rationale,source,flag_hint,mvp,evidence_tier
F01-01,항상,런웨이(개월) = (현금 − 제한 현금) ÷ 월 소진. 월 소진은 최근 6개월 영업활동 현금유출 평균. 1개월치뿐이면 '단월 기준' 배지,단일 산식 통일,내부 산식(FE-A01),neutral,True,
F01-02,확정 조달이 있음,확정 조달 포함 런웨이를 둘째 값으로 병기. 예정 조달은 런웨이에 넣지 않고 별도 문장으로,확정과 예정을 섞지 않음,내부 규칙,neutral,True,
F01-03,RCR ≥ 1.5,커버리지 양호: 변곡점까지 추가 조달 없이 도달 가능한 범위입니다.,대표 결정 기본값(변경 가능),내부 밴드 규칙 v1,positive,True,
F01-04,1.0 ≤ RCR < 1.5,커버리지 주의: 지연 시 조달이 필요한 범위입니다.,대표 결정 기본값,내부 밴드 규칙 v1,caution,True,
F01-05,RCR < 1.0,커버리지 미달: 변곡점 전 조달이 필요합니다. 필요 회수 = ceil(변곡점까지 개월 ÷ 런웨이) − 1,대표 결정 기본값,내부 밴드 규칙 v1,caution,True,
F01-06,"재무 상태 ∈ {S1, S2, S3, S4}",조달 소요 기간 기본값 6개월(시드~프리A 라운드 착수→입금). 조달 마감일 = 현금 소진 시점 − 6개월,"국내 초기 라운드 통상 3~6개월(휴리스틱, 출처 없음 → illustrative)",내부 휴리스틱 v1,neutral,True,
F01-07,재무 상태 = S5(상장),조달 소요 기간 기본값 3개월(유상증자·CB). 관리종목 요건 문장을 재무 카드 상세에 표시,상장사 조달은 공시 절차 기준,내부 휴리스틱 v1,neutral,False,
F01-08,planned_raise_date > 현금 소진 시점,예정 조달 시점이 현금 소진 시점보다 늦어 일정이 겹칩니다.,일정 충돌 경고,내부 규칙,caution,True,
F01-09,필요 자금에 미확보 항목이 있음,부분합에는 '최소' 표기를 붙이고 빠진 항목(사이트·CRO·국내 단가 등)을 문장에 나열,0으로 채우지 않는 원칙,내부 규칙,neutral,True,
F01-10,MVP,자동 갭(원화) 계산 없음. 문구: '필요 자금은 원문 통화로 표시되며 원화 환산·갭 계산은 정식 버전에서 제공됩니다',환율 규칙 미확정,대표 결정 9/21,neutral,True,
F01-11,벤치마크 비용 표시,"DiMasi 값은 '산업 평균(대형사 규모·실패 포함)', Moore 값은 '승인 pivotal 시험 중앙값(설계 조건별)', ASPE 환자당 단가는 '2018년 달러'로 라벨. 두 값을 합치지 않음",규모 차이 10배 이상,F04_sources.md,neutral,True,
F01-12,단계 비용 합 표시,단계 비용 합은 '회사가 수행할 단계의 예산 합'이며 DiMasi 총개발비로 부르지 않음,C04-0035 처리 원칙,C04-0035,neutral,True,
F01-13,재무 상태 = S3(과제 의존),정부과제 전용 현금은 제한 현금으로 런웨이에서 제외. 매칭 의무 현금은 필요 자금에 가산(정식),비희석 자금 처리,내부 규칙,neutral,False,
F01-14,백업 자산 = 0,단일 자산 노출: 리드 자산 실패 시 잔존가치는 현금뿐입니다.,FE-B10 문장,내부 규칙,caution,True,
F01-15,백업 자산 ≥ 1,실패 시 {백업 목록}이 남습니다(가치 산출은 정식판).,FE-B10 문장,내부 규칙,neutral,True,
F01-16,provenance 표시,재무 값 옆에 배지: 공시(DART) / 추출(업로드) / 수기. 케이스 B·C는 '가정값(시연)' 배지,출처 등급 표시,내부 규칙,neutral,True,
F01-17,현금 소진 시점 ≤ 12개월,주의 플래그: 12개월 이내 현금 소진,대표 결정 기본값,내부 밴드 규칙 v1,caution,True,
