rule_id,topic,rule,rationale,source,flag_hint,mvp
F06-01,비교군 풀 정의,"기업 마스터 v2.0에서 신약개발_비교군 ∈ {Y, Y(주의 플래그)} ∧ Primary_BM ∈ {BM-01, BM-04} = 91사. Y(주의 플래그)는 badge=comps_caution",BM-02 R&D 겸업 31사는 정식판에서 옵션,내부 규칙,neutral,True
F06-02,비교군 좁히기 순서,"풀 → 모달리티 태그 일치(상위 태그 허용) → 질환군 일치 → 같은 단계 자산 보유 시점 존재. N < 5이면 질환군 조건을 풀고, 그래도 < 5이면 모달리티 조건을 풀며 완화 단계마다 배지",N≥5 유지,내부 규칙,neutral,True
F06-03,같은 단계 시점(stage_date),그 회사가 해당 단계에 있던 시점 = 임상시험계획 승인 공시일(DART 주요사항보고서 또는 IND 공시) 또는 CT.gov 시험 시작일 중 이른 것. 없으면 미확보,되감기 기준일,내부 규칙,neutral,True
F06-04,비교군 재무 스냅샷,stage_date 직전 사업·반기·분기보고서 기준 현금·부채·매출·영업활동현금흐름. 월 소진 = 직전 4분기 영업활동 현금유출 ÷ 12,산식 통일,내부 규칙,neutral,True
F06-05,표시,"사분위(Q1·중앙·Q3)와 N, 우리 위치 백분위. 평균·대표값 금지. 회사명은 목록으로 표시하고 앱화면_우선노출문구를 설명으로",NONBLEND,내부 규칙,neutral,True
F06-06,시연 지정 비교군,대표가 지정한 3사가 풀 밖이면 badge=outside_pool을 붙이되 표시는 유지,시연 편의,내부 규칙,neutral,True
F06-07,CT.gov 시험 풀(대상자 수·경쟁 건수),같은 적응증 코드(MeSH) ∧ 같은 단계 ∧ 등록일 최근 10년. N < 20이면 상위 MeSH 트리 코드로 완화 + badge=code_widened. 경쟁 건수는 최근 5년 등록 ∧ 상태 recruiting/active,풀 정의,내부 규칙,neutral,True
F06-08,유사 파이프라인 3건,같은 적응증 코드·단계 CT.gov 레코드를 lastUpdate 최신순 3건. 적응증이 상위 코드(고형암 전체 등)면 '적응증이 넓어 다양한 암종이 함께 조회됩니다' 문장 추가,표시 규칙,내부 규칙,neutral,True
F06-09,딜 컴프 풀,"M03에서 모달리티(상위 태그 허용) ∧ 단계 일치. N ≥ 5면 사분위, 아니면 목록. 비공개 계약금은 제외하고 건수만 표시",NONBLEND,내부 규칙,neutral,True
F06-10,공시 유형 판정(정식),"기술이전 = 주요사항보고서(기술도입·이전·제휴등계약), 조달 = 유상증자결정·전환사채권발행결정, 결과 = 임상시험 결과 공시·품목허가 공시·관리종목 지정",DART 파싱 규칙,내부 규칙,neutral,False
F06-11,EV 브리지(정식),"EV = 시가총액 − 순현금(현금 − 차입금 − 리스). 임상단계 회사는 EV/Sales 금지, EV/현금·EV/프로그램만",구 F-VAL-008 티어 게이트,F-VAL-008,neutral,False
